transaction_id,user_id,item_id,category,warehouse_id,quantity,price_per_unit,total_price,timestamp,discount_applied,payment_method
1,47,48,Electronics,9,3,421.61,2449.36,2025-02-01 04:31:38,Yes,Credit Card
2,76,15,Accessories,7,7,227.63,4531.53,2025-01-08 09:44:20,Yes,Cash
3,37,17,Electronics,9,1,39.19,3246.66,2025-01-24 03:31:33,Yes,Cash
4,123,38,Groceries,10,2,484.19,3268.86,2025-02-21 23:49:36,No,Cash
5,8,8,Clothing,4,6,54.18,2714.07,2025-02-01 17:23:38,Yes,Cash
6,106,13,Electronics,6,3,276.96,4403.95,2025-01-13 16:40:41,No,Credit Card
7,22,13,Clothing,5,2,430.55,127.68,2025-01-20 16:39:56,No,Credit Card
8,48,46,Accessories,7,2,232.76,2955.3,2025-01-20 12:46:37,Yes,UPI
9,118,23,Accessories,6,9,483.01,853.6,2025-01-03 13:10:35,Yes,Debit Card
10,66,39,Electronics,9,6,413.19,3111.67,2025-02-18 08:42:51,No,Cash
11,52,16,Clothing,9,4,455.7,4327.57,2025-01-05 10:49:10,No,Credit Card
12,137,49,Electronics,10,10,28.01,1379.78,2025-01-26 17:00:17,Yes,Debit Card
13,58,26,Electronics,7,1,303.33,4440.9,2025-01-24 05:50:00,Yes,Cash
14,28,17,Electronics,7,6,496.81,1365.77,2025-02-09 23:17:05,No,Debit Card
15,14,20,Electronics,10,1,90.93,3426.34,2025-01-18 02:40:17,No,UPI
16,81,47,Clothing,6,7,71.86,3036.41,2025-02-01 14:45:31,No,Credit Card
17,176,29,Clothing,10,6,141.94,1639.66,2025-02-23 05:50:45,Yes,UPI
18,101,43,Electronics,7,1,45.37,3800.79,2025-01-05 10:26:51,Yes,Cash
19,7,49,Clothing,10,10,392.59,4448.46,2025-01-24 06:38:01,Yes,UPI
20,63,48,Electronics,9,2,239.76,3346.62,2025-01-15 17:48:24,No,Credit Card
21,77,33,Accessories,5,1,10.71,3150.24,2025-01-26 20:25:49,Yes,Cash
22,90,14,Accessories,3,8,242.48,2600.97,2025-02-01 23:42:45,Yes,Cash
23,54,36,Groceries,8,5,150.57,2278.45,2025-01-12 21:26:16,Yes,Cash
24,133,27,Accessories,10,8,357.81,4335.8,2025-02-13 16:06:00,Yes,Cash
25,119,18,Electronics,5,2,220.66,1411.81,2025-01-18 06:02:33,No,Credit Card
26,117,29,Accessories,7,9,309.79,3750.5,2025-02-07 11:27:27,No,UPI
27,89,27,Clothing,8,8,69.16,3376.24,2025-01-16 19:52:11,No,Cash
28,37,14,Clothing,8,7,75.97,4962.67,2025-02-13 20:03:12,Yes,Credit Card
29,33,26,Groceries,7,4,474.56,3903.75,2025-01-12 15:28:28,No,Credit Card
30,107,5,Groceries,7,4,305.21,3644.59,2025-01-31 07:08:53,No,Cash
31,5,50,Groceries,8,8,245.21,656.9,2025-01-25 17:49:28,Yes,UPI
32,173,9,Groceries,9,6,387.45,1182.96,2025-01-17 05:57:52,No,Debit Card
33,54,11,Groceries,2,6,484.75,4593.16,2025-01-28 23:37:40,Yes,UPI
34,46,45,Clothing,2,6,213.2,3327.6,2025-01-13 17:15:37,Yes,Credit Card
35,15,33,Electronics,2,9,223.99,3298.31,2025-01-20 03:44:07,No,Credit Card
36,109,42,Electronics,2,1,184.81,411.86,2025-02-15 14:38:19,No,Debit Card
37,164,46,Clothing,10,2,82.69,667.12,2025-01-26 20:33:38,No,UPI
38,60,3,Electronics,3,3,436.05,2214.12,2025-01-31 07:33:26,No,Cash
39,131,5,Electronics,9,3,14.67,476.93,2025-02-15 03:33:24,Yes,Cash
40,49,24,Accessories,5,3,151.77,3179.35,2025-01-26 00:02:57,Yes,Credit Card
41,14,4,Electronics,6,9,234.57,3730.94,2025-01-14 07:46:59,No,Credit Card
42,84,38,Electronics,4,2,28.87,1407.42,2025-01-21 23:12:50,No,UPI
43,170,34,Groceries,4,9,311.07,3357.24,2025-01-20 02:34:20,Yes,Debit Card
44,185,19,Groceries,9,1,193.27,1043.37,2025-02-02 11:32:10,Yes,Credit Card
45,96,33,Clothing,7,6,41.58,1129.33,2025-01-12 15:57:29,No,UPI
46,46,45,Clothing,3,4,67.93,322.27,2025-01-27 06:03:46,Yes,Cash
47,141,7,Groceries,1,3,148.71,1323.76,2025-01-19 13:06:49,No,UPI
48,61,21,Accessories,9,3,413.91,3681.15,2025-02-12 18:41:53,Yes,Cash
49,3,10,Electronics,5,7,421.43,2809.75,2025-01-31 10:38:36,No,Credit Card
50,17,23,Groceries,2,3,147.62,3103.67,2025-01-14 23:38:07,Yes,Credit Card
51,41,26,Accessories,3,7,57.98,4679.56,2025-02-13 00:29:58,Yes,UPI
52,193,36,Groceries,9,5,235.63,1321.11,2025-01-02 18:46:57,No,UPI
53,114,34,Accessories,9,2,320.69,3711.22,2025-01-12 03:03:19,No,Cash
54,59,24,Electronics,7,6,202.05,4394.17,2025-02-10 00:18:02,No,UPI
55,136,29,Groceries,9,2,249.64,3519.63,2025-02-14 14:48:39,No,Cash
56,15,38,Electronics,9,6,59.18,323.75,2025-01-22 18:41:59,No,Cash
57,9,30,Groceries,10,9,169.73,3635.67,2025-02-15 04:08:47,No,Cash
58,23,13,Groceries,8,10,92.35,2256.13,2025-01-07 18:38:58,Yes,Cash
59,106,38,Accessories,2,10,216.21,3223.0,2025-01-29 04:44:09,No,UPI
60,18,20,Accessories,8,5,180.15,3084.79,2025-02-07 13:23:07,No,Credit Card
61,188,32,Groceries,1,9,366.3,4679.17,2025-01-10 01:01:09,Yes,Debit Card
62,162,11,Electronics,8,1,219.86,813.05,2025-01-18 23:42:53,Yes,Debit Card
63,87,5,Electronics,7,8,377.05,4499.48,2025-02-04 21:22:06,No,Debit Card
64,102,30,Electronics,9,9,427.85,738.01,2025-02-08 11:03:02,Yes,UPI
65,145,31,Electronics,1,9,268.07,1332.88,2025-01-20 01:08:44,Yes,Cash
66,22,44,Electronics,2,9,276.02,4807.98,2025-02-01 12:10:44,Yes,Cash
67,22,12,Clothing,9,2,390.71,3333.71,2025-01-31 09:02:00,Yes,Credit Card
68,90,30,Clothing,8,7,76.24,380.45,2025-02-11 20:59:05,No,Cash
69,4,23,Clothing,2,9,255.03,479.52,2025-02-07 16:52:39,No,Cash
70,25,24,Clothing,3,3,240.86,2518.26,2025-01-26 19:13:34,No,Cash
71,12,49,Accessories,3,3,112.32,725.62,2025-02-09 04:54:14,No,Cash
72,68,28,Accessories,7,9,217.86,4881.22,2025-02-03 18:52:50,No,Credit Card
73,80,32,Accessories,8,7,432.98,2261.28,2025-01-14 19:21:20,Yes,Debit Card
74,90,48,Accessories,3,6,435.09,582.48,2025-01-14 06:27:38,Yes,UPI
75,184,24,Electronics,9,5,460.74,4625.55,2025-01-18 02:38:14,No,Debit Card
76,158,50,Groceries,9,10,403.77,2313.71,2025-01-30 06:57:47,Yes,Debit Card
77,102,11,Accessories,2,2,361.17,745.11,2025-02-13 06:53:42,Yes,Debit Card
78,24,45,Groceries,6,2,461.58,4632.29,2025-01-09 11:47:35,No,Cash
79,140,9,Clothing,7,5,15.31,1300.24,2025-01-12 03:03:58,Yes,UPI
80,105,17,Electronics,6,8,470.4,2869.28,2025-02-17 16:49:34,No,Cash
81,34,14,Clothing,9,9,175.56,4886.95,2025-01-02 19:08:35,Yes,UPI
82,84,15,Groceries,10,5,477.58,4454.41,2025-02-23 05:22:24,No,UPI
83,17,5,Groceries,6,7,186.46,698.99,2025-01-10 15:38:47,No,Credit Card
84,29,16,Groceries,2,10,89.05,1945.23,2025-01-13 05:49:58,Yes,Debit Card
85,39,30,Electronics,3,6,124.5,1205.51,2025-01-08 04:12:14,No,UPI
86,119,33,Electronics,5,9,325.36,2603.49,2025-02-16 20:27:16,No,Credit Card
87,75,25,Electronics,4,1,237.56,2012.54,2025-01-16 00:00:31,No,Debit Card
88,155,28,Groceries,9,2,275.44,1232.02,2025-02-07 15:56:02,No,Debit Card
89,151,18,Accessories,9,10,448.02,1496.39,2025-02-04 03:01:05,No,Cash
90,131,41,Electronics,1,1,463.06,1217.69,2025-02-04 23:29:56,Yes,UPI
91,72,21,Clothing,9,1,377.24,1613.65,2025-02-09 08:46:00,Yes,Credit Card
92,40,17,Groceries,1,4,160.71,3285.04,2025-02-14 13:09:39,No,Cash
93,75,49,Groceries,5,6,486.75,2504.54,2025-01-21 07:35:43,No,Debit Card
94,110,47,Electronics,10,5,262.3,636.68,2025-01-13 08:47:52,Yes,Credit Card
95,45,32,Groceries,5,8,233.76,2526.19,2025-01-03 04:08:57,Yes,Cash
96,36,37,Accessories,1,3,363.66,3000.68,2025-01-21 03:33:29,No,Credit Card
97,82,45,Groceries,10,4,177.48,1713.71,2025-02-07 11:19:52,Yes,Debit Card
98,130,31,Groceries,5,4,80.55,1255.68,2025-01-23 09:13:33,No,UPI
99,183,47,Groceries,7,1,172.99,4616.14,2025-01-15 18:13:39,No,UPI
100,10,28,Electronics,10,1,379.64,1569.03,2025-01-22 19:29:15,No,Credit Card
101,88,35,Accessories,7,4,43.92,610.41,2025-01-19 16:35:45,No,Credit Card
102,25,42,Groceries,2,1,35.8,4327.85,2025-01-12 18:33:25,No,Credit Card
103,18,13,Clothing,2,3,18.61,3725.17,2025-01-22 22:51:47,No,Debit Card
104,117,24,Electronics,2,9,332.91,3531.74,2025-02-15 07:34:30,Yes,Credit Card
105,176,47,Clothing,5,9,254.35,3676.01,2025-01-02 07:31:31,Yes,Cash
106,30,44,Groceries,1,3,267.65,4012.04,2025-02-05 09:16:41,Yes,Cash
107,190,18,Electronics,5,8,308.47,4105.5,2025-01-10 09:36:47,Yes,Cash
108,107,24,Groceries,7,4,321.09,4279.18,2025-02-20 05:27:21,Yes,Credit Card
109,38,16,Clothing,9,4,335.05,4706.93,2025-02-08 06:49:37,Yes,Debit Card
110,178,48,Groceries,8,5,71.77,3736.87,2025-02-16 05:03:30,No,Debit Card
111,165,29,Groceries,8,10,73.14,2043.9,2025-02-10 10:54:03,Yes,Credit Card
112,98,45,Electronics,3,10,283.54,2121.76,2025-01-19 07:40:37,No,Debit Card
113,54,6,Accessories,4,6,11.12,4744.87,2025-02-18 21:40:16,No,UPI
114,195,37,Clothing,10,3,195.02,3154.61,2025-02-12 06:51:47,No,UPI
115,47,16,Groceries,1,8,168.36,3454.45,2025-02-20 10:06:31,Yes,Debit Card
116,101,22,Clothing,9,1,162.96,1970.46,2025-01-21 15:28:26,No,UPI
117,29,44,Electronics,2,9,253.32,2587.08,2025-02-01 06:44:00,No,Cash
118,2,24,Groceries,5,1,432.47,977.14,2025-02-18 21:41:48,Yes,UPI
119,31,2,Electronics,5,1,176.68,4420.79,2025-01-21 15:08:26,Yes,Debit Card
120,111,41,Accessories,1,10,145.34,879.3,2025-01-18 13:28:16,Yes,Credit Card
121,199,47,Clothing,9,3,356.83,3706.28,2025-02-22 11:20:53,No,Cash
122,152,41,Accessories,4,1,432.32,1121.34,2025-01-14 22:37:20,No,Debit Card
123,26,10,Clothing,3,8,353.18,4776.0,2025-01-21 02:58:52,No,Credit Card
124,129,2,Accessories,4,6,72.86,436.6,2025-01-18 00:35:42,Yes,Debit Card
125,200,39,Electronics,10,6,353.79,518.51,2025-01-16 04:53:07,No,Credit Card
126,50,42,Accessories,9,2,50.48,553.53,2025-02-21 11:34:39,No,Cash
127,123,39,Clothing,6,10,131.75,2623.21,2025-01-23 04:14:28,Yes,Cash
128,111,50,Groceries,8,3,485.31,2775.09,2025-02-08 19:35:09,Yes,Debit Card
129,34,38,Electronics,7,2,307.08,4668.28,2025-01-17 06:03:32,Yes,Debit Card
130,92,14,Accessories,3,2,157.25,1187.74,2025-02-21 06:59:35,No,Credit Card
131,192,5,Groceries,7,2,484.96,120.37,2025-02-07 11:30:41,Yes,Debit Card
132,170,37,Accessories,3,1,187.26,1439.01,2025-01-30 00:44:02,Yes,Cash
133,65,38,Groceries,1,1,66.6,246.75,2025-01-27 20:56:28,No,UPI
134,90,26,Accessories,9,5,398.96,3652.75,2025-01-27 00:05:48,No,UPI
135,122,38,Electronics,1,2,44.98,3231.05,2025-01-11 14:24:20,Yes,UPI
136,169,43,Electronics,3,2,42.7,1647.04,2025-01-24 02:37:39,No,Credit Card
137,38,43,Electronics,2,1,322.98,3292.08,2025-02-20 07:25:26,No,Debit Card
138,25,25,Electronics,7,1,20.03,4487.21,2025-01-06 18:02:39,No,Cash
139,130,39,Accessories,2,7,156.33,1167.29,2025-01-12 18:59:34,No,UPI
140,14,39,Accessories,10,1,337.16,1261.43,2025-01-31 22:14:35,No,Debit Card
141,183,35,Electronics,3,8,149.21,4812.26,2025-02-12 16:22:13,Yes,UPI
142,58,1,Electronics,9,7,185.82,4321.32,2025-01-14 19:50:59,No,UPI
143,149,1,Groceries,2,9,12.29,2448.46,2025-02-23 04:24:08,No,Cash
144,164,26,Electronics,1,10,235.61,633.61,2025-01-06 23:44:34,No,UPI
145,104,21,Electronics,5,4,167.71,1525.29,2025-01-02 19:28:31,No,Debit Card
146,181,27,Groceries,2,1,285.51,4910.53,2025-02-09 08:15:10,No,UPI
147,22,40,Clothing,1,5,311.23,3183.27,2025-02-08 13:09:14,Yes,UPI
148,18,17,Accessories,8,4,409.13,4909.46,2025-01-15 16:32:39,No,UPI
149,38,43,Clothing,3,3,247.97,4598.85,2025-01-14 10:55:41,No,Cash
150,178,21,Electronics,6,10,154.0,3364.12,2025-02-03 15:35:07,No,UPI
151,182,49,Groceries,3,3,103.99,821.97,2025-01-27 11:22:10,Yes,Cash
152,154,50,Accessories,9,9,308.39,4687.1,2025-01-15 12:48:29,Yes,Debit Card
153,174,43,Clothing,8,4,428.9,1486.66,2025-01-29 08:53:24,Yes,Credit Card
154,177,19,Electronics,2,7,393.52,108.92,2025-02-09 02:12:49,No,Credit Card
155,128,19,Clothing,6,3,432.86,1627.74,2025-01-01 11:19:02,No,Credit Card
156,152,49,Groceries,3,3,480.59,3710.42,2025-01-02 06:49:27,No,Debit Card
157,7,15,Clothing,5,1,178.86,652.06,2025-01-27 09:38:52,Yes,Debit Card
158,180,22,Electronics,3,4,443.03,3725.41,2025-02-03 05:56:30,No,UPI
159,116,8,Accessories,10,2,119.5,193.46,2025-01-07 16:21:08,Yes,Cash
160,105,39,Accessories,8,3,236.47,2718.15,2025-01-07 15:17:40,Yes,Cash
161,176,30,Clothing,10,9,133.27,3697.41,2025-01-17 04:55:01,No,UPI
162,36,38,Electronics,4,7,108.46,1046.07,2025-02-03 20:36:33,Yes,Credit Card
163,95,7,Clothing,9,2,318.97,573.24,2025-01-30 02:06:53,No,Debit Card
164,58,35,Accessories,6,5,182.19,1979.62,2025-02-02 14:01:38,Yes,Credit Card
165,149,50,Groceries,3,8,386.73,2497.69,2025-02-17 06:28:04,Yes,Debit Card
166,122,3,Clothing,2,3,46.04,4331.0,2025-02-03 07:35:51,No,Credit Card
167,195,31,Accessories,9,7,136.63,4056.26,2025-02-09 02:22:13,No,Credit Card
168,102,35,Groceries,5,2,79.45,4107.9,2025-01-08 17:37:54,No,Debit Card
169,182,30,Accessories,5,5,456.35,4560.96,2025-01-09 00:54:50,No,Cash
170,121,23,Clothing,5,10,311.4,369.12,2025-01-07 06:05:43,Yes,UPI
171,2,13,Electronics,2,1,115.88,876.99,2025-01-12 11:27:26,Yes,Cash
172,46,13,Clothing,1,6,292.74,1583.55,2025-01-08 09:28:51,Yes,Debit Card
173,17,21,Electronics,1,4,93.3,3453.49,2025-01-22 09:51:23,Yes,Credit Card
174,189,17,Groceries,9,10,291.92,2395.58,2025-01-10 03:55:47,No,Debit Card
175,39,12,Groceries,6,3,231.0,4678.75,2025-01-14 17:27:36,No,Cash
176,139,14,Groceries,4,10,302.92,2106.19,2025-01-20 17:34:18,Yes,Debit Card
177,144,25,Accessories,4,5,269.85,4593.99,2025-02-15 05:16:45,No,Credit Card
178,60,26,Accessories,2,6,487.13,4156.2,2025-02-23 09:41:25,Yes,Debit Card
179,90,36,Clothing,1,9,221.07,1484.59,2025-02-08 15:58:33,Yes,UPI
180,199,42,Accessories,2,4,265.07,774.07,2025-01-07 06:02:46,No,Cash
181,25,29,Clothing,3,1,205.15,1177.47,2025-01-23 09:07:30,No,UPI
182,200,47,Clothing,7,6,386.51,2079.91,2025-01-24 20:53:09,No,UPI
183,43,24,Electronics,9,2,435.6,2755.47,2025-02-10 14:28:18,Yes,UPI
184,172,45,Groceries,5,6,378.85,3141.21,2025-01-06 03:42:33,Yes,Cash
185,141,19,Accessories,1,2,68.39,1500.7,2025-02-03 17:35:21,Yes,Credit Card
186,192,32,Electronics,9,2,347.37,1547.45,2025-01-24 23:32:56,Yes,Cash
187,115,49,Electronics,5,6,368.78,941.6,2025-02-08 12:03:37,Yes,Credit Card
188,15,38,Clothing,1,2,279.49,4661.96,2025-01-15 11:20:24,No,UPI
189,175,27,Groceries,7,5,422.14,300.94,2025-01-30 01:08:42,Yes,Credit Card
190,32,29,Accessories,7,1,341.13,908.7,2025-02-07 00:07:55,No,UPI
191,123,3,Clothing,10,1,301.56,4786.17,2025-02-17 08:29:13,No,Cash
192,37,38,Groceries,8,8,401.66,928.02,2025-01-17 01:11:35,Yes,UPI
193,145,36,Accessories,2,5,33.57,4107.25,2025-02-05 17:00:15,No,UPI
194,159,5,Groceries,4,5,297.61,2291.23,2025-01-15 20:29:53,Yes,Debit Card
195,50,48,Clothing,2,6,57.86,4836.61,2025-02-15 17:51:43,Yes,Cash
196,14,20,Groceries,3,3,159.71,3798.91,2025-02-13 21:22:39,No,UPI
197,173,6,Electronics,9,8,188.43,115.07,2025-01-09 12:06:35,No,Debit Card
198,21,16,Clothing,7,7,37.15,2687.43,2025-01-12 20:59:48,Yes,Debit Card
199,18,41,Groceries,1,2,163.47,4554.51,2025-01-20 05:53:46,No,Debit Card
200,28,47,Groceries,6,8,34.17,1153.41,2025-02-08 17:51:27,No,UPI
201,105,19,Groceries,8,5,14.33,145.98,2025-02-03 14:04:58,No,UPI
202,98,38,Clothing,2,6,107.5,2869.02,2025-01-29 06:43:10,Yes,UPI
203,10,33,Groceries,1,4,490.52,4943.36,2025-02-06 15:06:31,Yes,UPI
204,119,48,Groceries,8,8,97.47,4577.01,2025-01-07 04:11:33,Yes,UPI
205,100,23,Groceries,10,2,69.65,2115.46,2025-01-09 18:22:21,Yes,UPI
206,16,19,Accessories,2,2,56.18,3237.14,2025-01-31 04:41:20,No,Cash
207,106,35,Electronics,3,8,399.96,4146.84,2025-01-10 23:33:22,Yes,Debit Card
208,107,17,Clothing,1,8,269.56,4386.52,2025-02-06 07:04:41,Yes,UPI
209,158,38,Clothing,10,10,183.84,1083.76,2025-02-23 16:15:26,Yes,Credit Card
210,121,38,Accessories,6,1,402.95,2097.86,2025-01-06 20:13:32,Yes,Credit Card
211,93,26,Electronics,3,6,422.85,2329.25,2025-02-06 00:14:05,Yes,Debit Card
212,87,35,Groceries,5,3,263.33,1195.06,2025-01-19 18:53:51,No,Credit Card
213,14,50,Accessories,5,3,299.5,1663.36,2025-01-03 04:22:32,Yes,Cash
214,192,21,Clothing,8,10,390.42,4731.45,2025-02-05 07:32:31,No,UPI
215,35,23,Groceries,6,10,485.7,1383.04,2025-02-05 17:55:59,No,Credit Card
216,154,8,Clothing,4,10,79.92,3928.29,2025-01-16 23:29:58,Yes,Cash
217,17,19,Groceries,7,6,347.81,1069.17,2025-01-20 09:56:08,Yes,Credit Card
218,104,5,Groceries,1,9,349.25,795.99,2025-01-26 11:55:22,No,Credit Card
219,37,10,Electronics,9,9,65.19,1623.35,2025-02-04 20:02:56,Yes,Debit Card
220,125,27,Electronics,2,3,253.69,3949.59,2025-01-14 01:37:21,No,Debit Card
221,112,12,Accessories,7,7,105.01,2105.29,2025-01-30 08:15:40,No,UPI
222,163,32,Clothing,1,1,193.88,4302.95,2025-02-05 00:07:49,Yes,Cash
223,79,33,Clothing,6,8,177.48,350.92,2025-02-17 10:13:16,No,Cash
224,124,31,Clothing,6,6,112.74,2795.87,2025-01-27 10:50:06,No,Cash
225,36,12,Groceries,3,7,80.38,4968.57,2025-02-19 00:51:54,Yes,Credit Card
226,65,36,Accessories,9,4,128.69,3513.1,2025-02-23 06:11:02,No,Debit Card
227,28,18,Accessories,2,2,311.15,1107.1,2025-01-06 14:52:35,Yes,Credit Card
228,41,23,Groceries,5,3,105.82,2223.67,2025-01-31 14:54:39,No,Cash
229,169,50,Groceries,10,1,187.59,2974.35,2025-02-19 18:20:08,Yes,UPI
230,96,37,Accessories,2,9,194.1,2337.31,2025-01-04 00:59:20,Yes,Cash
231,41,36,Accessories,7,8,413.84,2302.91,2025-02-09 02:19:10,Yes,Debit Card
232,196,49,Electronics,3,2,87.24,3703.65,2025-01-14 15:56:27,No,Debit Card
233,32,38,Groceries,10,3,31.87,1204.76,2025-01-25 17:01:29,Yes,Cash
234,139,27,Accessories,10,10,258.97,4717.76,2025-01-04 08:13:38,No,Cash
235,152,35,Clothing,10,9,437.49,3548.64,2025-01-06 00:09:21,No,Credit Card
236,81,47,Groceries,5,10,315.58,2088.31,2025-01-27 00:36:04,No,Cash
237,200,26,Clothing,1,1,296.25,2385.24,2025-02-19 20:11:43,Yes,Credit Card
238,108,34,Clothing,1,10,271.06,2920.63,2025-01-07 22:35:10,No,Cash
239,84,24,Accessories,5,2,383.76,4293.69,2025-01-01 08:06:02,Yes,Debit Card
240,168,7,Accessories,8,6,188.25,3621.3,2025-01-23 03:47:45,Yes,Debit Card
241,56,47,Electronics,1,3,465.6,4759.85,2025-01-17 02:12:57,Yes,Credit Card
242,23,24,Electronics,10,9,107.57,1229.38,2025-02-03 12:09:13,Yes,UPI
243,33,19,Electronics,10,7,209.17,1657.96,2025-02-17 10:36:43,No,Cash
244,151,45,Electronics,9,8,479.15,1251.0,2025-01-21 07:46:04,No,UPI
245,146,3,Accessories,9,6,485.33,2188.85,2025-02-14 12:44:16,Yes,Credit Card
246,84,27,Accessories,7,9,380.49,3553.58,2025-02-01 12:51:00,Yes,Cash
247,188,30,Groceries,9,9,322.55,1704.28,2025-01-31 09:03:34,No,Cash
248,41,18,Accessories,1,3,468.19,2459.99,2025-02-05 17:09:59,No,Cash
249,180,10,Accessories,1,4,289.61,4579.78,2025-02-01 11:03:23,No,Cash
250,106,10,Groceries,7,7,493.25,738.07,2025-01-13 06:06:10,Yes,Debit Card
251,172,9,Electronics,8,6,141.27,1863.02,2025-02-02 10:37:51,Yes,Cash
252,90,27,Clothing,1,7,44.69,736.26,2025-02-21 22:03:45,Yes,Debit Card
253,42,46,Clothing,3,7,301.24,567.16,2025-01-20 22:03:42,Yes,Cash
254,149,44,Clothing,2,4,179.28,1123.58,2025-01-20 16:58:37,No,Credit Card
255,48,28,Accessories,8,7,47.19,2836.19,2025-02-17 19:02:37,Yes,Credit Card
256,175,40,Electronics,8,5,320.37,4706.78,2025-01-05 09:40:59,No,UPI
257,155,11,Electronics,9,1,155.9,3471.59,2025-01-19 21:17:46,Yes,Debit Card
258,38,36,Electronics,3,8,170.58,3173.75,2025-01-06 05:39:11,No,Cash
259,63,49,Groceries,8,1,113.26,195.58,2025-02-11 01:21:16,Yes,Cash
260,124,45,Groceries,1,3,98.62,4333.11,2025-01-29 15:02:30,No,Credit Card
261,101,12,Groceries,3,9,219.64,107.32,2025-02-02 06:38:29,Yes,Debit Card
262,28,43,Electronics,4,10,282.63,2395.21,2025-01-16 11:20:51,No,Debit Card
263,128,9,Groceries,9,8,46.97,1643.85,2025-01-02 00:19:56,No,Credit Card
264,105,47,Clothing,8,6,246.88,3228.06,2025-02-14 15:11:58,Yes,Credit Card
265,106,26,Electronics,2,9,425.58,1981.43,2025-02-16 10:23:30,No,Debit Card
266,82,44,Clothing,1,10,90.98,1635.91,2025-02-07 10:27:32,No,UPI
267,109,12,Clothing,10,7,66.35,2753.44,2025-02-19 22:55:59,No,Credit Card
268,23,13,Electronics,4,5,460.2,3259.83,2025-02-10 09:51:20,No,Credit Card
269,76,18,Clothing,8,9,216.93,708.18,2025-01-13 11:45:10,Yes,Debit Card
270,91,10,Clothing,5,8,260.82,4361.58,2025-01-23 05:09:42,Yes,Debit Card
271,177,5,Accessories,8,9,458.24,4529.82,2025-01-15 09:58:34,Yes,Debit Card
272,109,1,Accessories,9,4,235.9,871.4,2025-01-06 08:38:41,Yes,Credit Card
273,178,5,Accessories,5,1,326.76,3686.07,2025-01-15 16:45:52,Yes,UPI
274,156,30,Clothing,10,1,379.35,3341.61,2025-01-08 11:10:36,Yes,Cash
275,182,9,Groceries,6,7,124.95,3102.14,2025-02-20 07:55:15,Yes,Debit Card
276,36,1,Accessories,4,1,272.6,1609.49,2025-01-13 11:11:15,Yes,Debit Card
277,157,39,Electronics,6,6,164.77,1804.62,2025-02-16 03:12:49,No,Credit Card
278,145,27,Electronics,8,3,454.21,888.49,2025-01-08 10:52:21,Yes,Credit Card
279,161,26,Groceries,5,8,438.04,3897.52,2025-02-09 13:25:32,No,Credit Card
280,70,16,Clothing,2,8,446.62,4998.04,2025-02-17 03:09:01,No,UPI
281,174,17,Groceries,6,1,77.12,769.03,2025-02-07 04:28:20,No,Credit Card
282,173,29,Groceries,6,7,133.61,1106.2,2025-02-09 05:48:28,No,UPI
283,20,37,Groceries,10,8,340.64,4430.72,2025-01-31 01:19:23,Yes,UPI
284,198,2,Electronics,8,10,76.17,2344.76,2025-02-05 13:01:49,No,Credit Card
285,4,9,Electronics,3,8,226.59,4381.72,2025-02-20 09:12:41,Yes,Debit Card
286,139,34,Groceries,7,3,351.73,4111.25,2025-01-20 11:07:30,Yes,Credit Card
287,122,1,Accessories,10,5,139.6,4740.28,2025-02-10 04:31:04,No,UPI
288,72,23,Clothing,7,8,82.29,742.15,2025-01-31 04:46:08,Yes,UPI
289,85,36,Accessories,9,2,315.84,2212.29,2025-02-06 18:54:03,No,Credit Card
290,115,28,Clothing,3,6,374.55,2695.09,2025-01-02 21:03:23,No,Credit Card
291,125,47,Groceries,6,2,219.51,1603.13,2025-01-21 00:13:54,Yes,UPI
292,31,3,Electronics,3,3,69.26,525.67,2025-01-11 01:51:00,No,UPI
293,176,26,Accessories,7,9,314.05,1895.14,2025-02-01 23:18:12,No,UPI
294,34,19,Clothing,3,7,452.34,794.65,2025-02-24 08:23:38,No,Debit Card
295,92,23,Clothing,2,1,159.75,1433.12,2025-01-08 21:50:49,Yes,Cash
296,87,9,Groceries,9,3,289.17,4091.6,2025-02-15 11:06:11,Yes,Cash
297,116,35,Accessories,8,1,350.4,4015.35,2025-01-11 11:41:02,Yes,Cash
298,65,7,Accessories,7,7,289.65,1178.9,2025-01-28 22:58:08,No,UPI
299,141,18,Accessories,7,8,90.53,441.27,2025-02-04 17:59:15,No,Credit Card
300,36,12,Accessories,10,1,190.89,1725.07,2025-01-15 07:05:10,Yes,Cash
301,115,34,Accessories,2,9,22.06,3684.38,2025-02-23 15:10:48,Yes,Credit Card
302,117,1,Accessories,5,10,451.24,4183.68,2025-01-01 18:15:20,Yes,UPI
303,74,26,Groceries,2,3,307.81,1719.65,2025-01-30 09:20:18,Yes,UPI
304,200,23,Accessories,1,8,399.86,2133.98,2025-02-08 16:07:18,Yes,Cash
305,131,9,Electronics,9,8,310.17,4234.68,2025-01-14 08:35:33,No,UPI
306,26,37,Electronics,5,4,428.77,2724.61,2025-01-31 16:44:45,No,Credit Card
307,68,34,Accessories,5,3,198.48,4661.16,2025-01-22 00:27:11,Yes,UPI
308,66,29,Accessories,2,8,399.91,3669.07,2025-02-03 00:08:39,No,Credit Card
309,16,16,Electronics,7,10,399.06,1661.73,2025-02-03 04:02:56,Yes,Cash
310,175,26,Groceries,1,2,261.23,4313.62,2025-01-23 20:21:25,No,Cash
311,89,17,Electronics,6,8,164.87,3796.75,2025-01-27 10:32:31,Yes,Cash
312,91,39,Groceries,9,3,121.19,2974.05,2025-01-25 21:03:46,No,Credit Card
313,59,37,Accessories,5,8,328.19,3943.75,2025-02-15 08:26:11,Yes,Cash
314,185,8,Electronics,9,5,477.65,2919.69,2025-01-07 16:17:48,No,Credit Card
315,42,42,Groceries,2,2,284.75,142.11,2025-01-11 09:54:19,No,Debit Card
316,162,28,Groceries,9,6,289.5,2434.74,2025-01-03 18:15:27,No,Cash
317,143,4,Electronics,7,7,172.31,2664.26,2025-02-17 02:17:35,Yes,UPI
318,113,4,Clothing,7,6,253.27,1748.16,2025-01-18 00:54:54,Yes,UPI
319,75,36,Electronics,2,3,78.04,3161.55,2025-01-04 02:54:25,Yes,Debit Card
320,182,31,Clothing,5,2,201.45,389.78,2025-02-01 06:43:14,No,UPI
321,200,11,Accessories,10,6,358.44,518.98,2025-01-09 23:52:31,No,UPI
322,132,18,Electronics,2,9,417.2,2173.8,2025-02-03 04:59:58,Yes,UPI
323,26,6,Accessories,5,1,309.36,3267.57,2025-01-25 16:45:50,No,Cash
324,113,1,Clothing,7,5,52.9,4656.14,2025-02-22 15:59:43,No,Credit Card
325,162,9,Accessories,7,1,381.08,4001.56,2025-02-03 06:44:55,No,Credit Card
326,118,1,Clothing,7,10,385.68,763.47,2025-01-29 07:04:00,No,Cash
327,70,40,Accessories,3,8,279.03,3194.08,2025-02-03 21:19:42,No,Credit Card
328,169,30,Accessories,4,6,120.61,299.91,2025-01-04 07:49:13,Yes,Credit Card
329,106,7,Groceries,2,6,167.86,1982.67,2025-02-07 23:15:19,Yes,UPI
330,106,17,Clothing,7,7,316.17,3506.24,2025-02-02 09:23:23,No,Cash
331,72,10,Accessories,5,2,494.43,4755.49,2025-01-08 12:12:13,No,Cash
332,171,17,Electronics,2,7,298.71,1077.79,2025-02-06 22:13:17,No,Credit Card
333,73,5,Groceries,9,9,211.0,798.9,2025-01-17 16:46:10,No,Credit Card
334,109,28,Groceries,2,1,52.96,583.12,2025-02-10 01:04:18,No,Cash
335,86,14,Accessories,1,9,355.4,4865.28,2025-02-16 17:09:01,No,Debit Card
336,130,45,Clothing,8,6,444.37,2737.23,2025-01-19 18:04:36,No,Debit Card
337,2,4,Clothing,5,7,472.4,1556.22,2025-02-13 22:41:13,No,Cash
338,16,38,Accessories,8,1,425.27,4009.34,2025-01-12 15:56:28,Yes,Cash
339,6,30,Groceries,5,1,257.73,348.01,2025-01-04 15:22:02,No,UPI
340,196,7,Clothing,8,3,388.3,1332.47,2025-02-13 02:39:26,Yes,Cash
341,131,17,Groceries,7,2,25.69,2463.92,2025-02-18 22:52:43,No,Debit Card
342,31,32,Electronics,2,1,150.75,4044.1,2025-01-21 08:14:18,No,Debit Card
343,173,38,Clothing,5,9,27.98,2800.95,2025-01-16 11:02:09,Yes,Debit Card
344,20,20,Clothing,10,2,456.46,304.4,2025-02-21 21:35:51,No,Debit Card
345,195,28,Groceries,7,2,125.52,3690.72,2025-01-16 08:35:51,No,UPI
346,75,37,Accessories,3,5,164.88,3849.86,2025-02-06 16:14:28,No,UPI
347,134,48,Accessories,9,3,451.56,3195.84,2025-02-02 02:04:34,No,UPI
348,90,4,Clothing,10,5,40.12,1397.07,2025-01-14 21:46:43,No,Credit Card
349,182,21,Clothing,7,10,314.87,3441.77,2025-01-05 15:31:56,Yes,Debit Card
350,42,34,Clothing,9,8,235.55,735.74,2025-01-18 12:18:33,Yes,Credit Card
351,43,4,Accessories,9,6,409.2,2310.88,2025-01-30 12:51:24,No,Cash
352,29,21,Groceries,9,9,455.41,1756.02,2025-01-09 22:38:30,Yes,UPI
353,110,31,Clothing,8,5,230.1,988.6,2025-02-06 01:40:14,No,UPI
354,127,19,Electronics,6,4,116.71,2671.52,2025-01-28 05:20:13,No,Debit Card
355,30,14,Accessories,8,9,354.44,3053.69,2025-02-01 13:09:12,No,Debit Card
356,61,33,Electronics,1,8,211.45,783.79,2025-01-27 10:45:51,No,Credit Card
357,142,37,Accessories,8,2,177.26,4499.76,2025-01-07 17:37:59,Yes,Cash
358,44,25,Groceries,3,9,395.29,4277.35,2025-01-09 18:01:39,No,Cash
359,76,37,Accessories,3,7,406.84,1445.95,2025-01-11 00:09:12,Yes,Cash
360,5,30,Clothing,10,3,425.64,4437.23,2025-02-10 20:32:33,Yes,Cash
361,151,26,Groceries,6,10,327.92,367.27,2025-01-17 02:37:08,No,UPI
362,171,50,Electronics,5,2,184.73,3707.78,2025-01-16 13:45:13,No,Debit Card
363,89,18,Electronics,3,8,98.76,4067.95,2025-01-23 06:42:24,No,Credit Card
364,94,34,Clothing,6,8,401.31,1668.31,2025-01-22 21:58:16,Yes,Credit Card
365,115,8,Clothing,7,4,109.27,1364.77,2025-02-03 02:58:08,No,Cash
366,51,23,Electronics,8,8,386.19,975.7,2025-02-05 09:53:27,No,Credit Card
367,43,45,Clothing,10,2,159.98,4343.85,2025-02-05 12:12:08,No,Credit Card
368,58,8,Accessories,8,8,471.17,2314.68,2025-01-30 02:29:24,No,UPI
369,124,12,Electronics,4,10,41.67,2326.94,2025-02-21 14:12:31,No,UPI
370,43,27,Accessories,1,3,228.74,2742.13,2025-02-02 09:23:58,Yes,Credit Card
371,196,18,Clothing,3,3,134.17,3131.12,2025-01-21 07:30:23,No,UPI
372,103,7,Clothing,8,4,197.58,3658.99,2025-01-06 12:48:15,Yes,Credit Card
373,178,12,Accessories,3,7,324.37,1563.97,2025-02-15 15:39:52,Yes,Cash
374,158,8,Clothing,10,10,218.64,1969.62,2025-01-21 11:47:27,No,Cash
375,100,12,Clothing,6,4,101.55,2731.84,2025-01-20 17:47:08,Yes,UPI
376,68,12,Clothing,9,3,161.08,2954.67,2025-01-09 19:36:15,No,UPI
377,179,37,Clothing,8,8,422.41,4417.77,2025-01-24 08:50:04,Yes,UPI
378,113,1,Groceries,10,3,49.61,1486.7,2025-02-12 21:18:24,No,Cash
379,34,10,Clothing,4,2,315.58,147.01,2025-02-01 14:59:20,Yes,Credit Card
380,29,23,Groceries,6,2,427.95,3232.44,2025-01-10 02:31:53,Yes,Cash
381,200,21,Clothing,8,1,230.41,1541.16,2025-02-23 00:21:57,Yes,UPI
382,99,21,Electronics,8,2,142.43,3096.57,2025-01-07 09:17:12,No,UPI
383,177,16,Groceries,1,2,191.76,1816.38,2025-02-21 18:35:18,Yes,Cash
384,188,8,Accessories,10,5,185.59,4771.27,2025-01-10 12:51:01,No,Cash
385,123,8,Electronics,6,7,123.5,330.37,2025-01-01 18:43:12,No,Credit Card
386,165,47,Clothing,5,8,192.32,4503.52,2025-01-11 04:41:50,No,Credit Card
387,177,27,Electronics,10,9,48.77,2822.46,2025-02-13 09:37:40,Yes,Credit Card
388,25,15,Electronics,4,5,420.27,4672.11,2025-01-18 00:20:59,Yes,Debit Card
389,160,48,Groceries,7,9,417.02,4888.25,2025-02-07 04:01:15,No,Cash
390,119,37,Clothing,6,10,428.16,4994.32,2025-02-18 05:03:39,No,Cash
391,171,23,Groceries,3,7,174.53,1708.5,2025-01-01 19:17:42,Yes,Cash
392,188,15,Groceries,5,10,57.57,4982.14,2025-01-28 17:35:41,No,Credit Card
393,199,18,Groceries,7,4,171.87,4230.85,2025-01-10 05:48:04,Yes,Debit Card
394,92,33,Accessories,1,6,487.33,4751.37,2025-02-23 08:16:17,No,Cash
395,53,11,Clothing,5,1,235.37,4674.23,2025-02-22 15:03:08,No,Credit Card
396,89,13,Clothing,1,1,175.81,2474.7,2025-01-26 15:47:44,No,UPI
397,60,50,Accessories,7,10,139.25,1434.36,2025-02-09 19:13:49,Yes,Cash
398,35,4,Clothing,1,1,64.56,984.02,2025-02-09 18:43:50,No,Cash
399,175,49,Accessories,7,9,146.35,1846.78,2025-01-06 20:46:38,No,Credit Card
400,86,20,Accessories,6,3,337.01,4593.07,2025-01-03 00:38:22,Yes,Credit Card
401,71,10,Electronics,9,3,405.31,3055.44,2025-01-23 09:29:16,No,Cash
402,148,40,Clothing,1,10,62.95,4074.84,2025-01-28 13:43:51,Yes,Debit Card
403,41,2,Clothing,10,7,485.84,873.03,2025-02-21 06:02:10,Yes,UPI
404,46,38,Electronics,1,8,215.42,3592.38,2025-01-12 15:44:30,Yes,Credit Card
405,111,12,Clothing,10,1,195.67,4054.05,2025-01-04 20:21:33,No,UPI
406,198,7,Electronics,6,9,399.11,2502.74,2025-01-06 07:10:09,No,Debit Card
407,103,50,Electronics,4,6,31.01,1760.32,2025-02-23 03:43:18,Yes,Cash
408,159,12,Groceries,9,3,57.27,2566.7,2025-02-05 06:53:52,Yes,Credit Card
409,80,12,Groceries,10,6,54.77,1306.23,2025-02-18 21:16:05,Yes,UPI
410,89,49,Electronics,1,3,18.14,2594.98,2025-02-04 10:59:30,No,Cash
411,191,1,Groceries,8,2,351.48,1130.65,2025-01-28 21:18:49,No,Credit Card
412,132,33,Clothing,2,3,288.13,1129.24,2025-02-22 03:04:32,Yes,Debit Card
413,49,25,Electronics,6,3,445.71,3814.08,2025-01-10 10:54:49,Yes,Debit Card
414,86,29,Clothing,3,1,52.9,4597.44,2025-02-13 20:29:50,Yes,Debit Card
415,97,26,Groceries,4,1,406.99,1994.32,2025-01-23 14:08:22,Yes,Cash
416,16,19,Accessories,1,4,123.21,3614.49,2025-01-15 14:04:23,No,UPI
417,67,12,Electronics,8,9,403.05,1619.18,2025-02-15 19:36:20,No,UPI
418,104,33,Clothing,9,9,377.8,2136.68,2025-01-02 06:15:45,No,Cash
419,91,31,Clothing,6,5,24.61,4393.23,2025-02-16 21:35:17,No,Credit Card
420,5,15,Clothing,10,1,452.37,3956.99,2025-02-02 17:59:46,No,Credit Card
421,104,45,Clothing,5,9,422.03,1708.58,2025-01-23 01:21:05,Yes,Debit Card
422,48,30,Electronics,1,8,367.14,4318.82,2025-01-26 15:15:58,No,Debit Card
423,129,1,Clothing,3,7,334.78,790.58,2025-02-01 04:57:24,No,UPI
424,120,50,Clothing,7,4,483.17,4499.1,2025-02-07 21:43:24,Yes,Debit Card
425,33,27,Clothing,8,8,136.97,773.04,2025-01-08 21:51:41,Yes,Credit Card
426,184,49,Groceries,9,1,39.51,1010.2,2025-02-15 17:17:59,No,Credit Card
427,196,23,Groceries,5,9,93.26,1337.0,2025-02-21 19:11:03,No,Cash
428,5,38,Groceries,5,10,102.96,2342.1,2025-01-07 19:23:58,No,Credit Card
429,151,35,Electronics,9,5,324.16,901.14,2025-02-09 06:51:45,Yes,Credit Card
430,189,11,Accessories,7,9,452.79,4557.36,2025-02-02 13:33:07,No,Debit Card
431,111,24,Accessories,3,4,309.73,1305.01,2025-01-20 08:19:40,Yes,Credit Card
432,168,20,Groceries,5,8,173.91,3913.07,2025-02-14 08:21:06,Yes,Credit Card
433,51,23,Groceries,5,6,456.5,3091.75,2025-02-14 15:50:52,Yes,Cash
434,75,49,Accessories,10,9,300.95,254.33,2025-02-08 00:44:39,Yes,UPI
435,145,42,Clothing,4,9,434.23,962.41,2025-01-28 05:12:24,Yes,Credit Card
436,14,14,Groceries,8,10,261.65,3925.49,2025-02-04 23:05:03,No,UPI
437,191,35,Electronics,5,7,177.87,3895.66,2025-02-11 13:31:27,No,Debit Card
438,196,23,Accessories,7,4,234.08,953.56,2025-01-22 08:29:36,No,UPI
439,41,1,Clothing,5,2,478.54,1686.85,2025-02-07 08:07:11,Yes,UPI
440,44,4,Accessories,4,5,64.33,1635.71,2025-01-14 04:36:09,No,Credit Card
441,95,21,Accessories,7,3,380.94,4727.29,2025-01-13 21:21:34,Yes,Debit Card
442,98,20,Groceries,2,10,249.06,2209.54,2025-01-09 07:32:43,No,Credit Card
443,108,38,Accessories,7,5,403.28,1183.17,2025-02-09 10:40:39,Yes,Cash
444,139,49,Electronics,7,3,313.79,2726.24,2025-01-02 19:39:56,No,Debit Card
445,94,39,Electronics,2,2,458.19,2471.76,2025-02-19 14:22:34,Yes,Cash
446,88,47,Clothing,6,3,79.08,517.79,2025-01-05 11:19:21,No,UPI
447,68,14,Accessories,10,8,53.73,4173.21,2025-01-14 22:29:23,Yes,Debit Card
448,11,35,Clothing,3,3,34.02,3993.9,2025-01-04 20:03:05,Yes,Debit Card
449,196,5,Clothing,2,6,451.3,3732.08,2025-01-03 12:13:50,Yes,Cash
450,95,27,Clothing,2,6,254.44,4388.95,2025-02-04 01:23:11,Yes,Cash
451,25,18,Accessories,2,6,153.36,3476.67,2025-02-23 05:42:58,No,UPI
452,19,35,Clothing,1,9,497.55,3136.42,2025-02-04 03:12:06,Yes,Cash
453,46,19,Groceries,2,10,414.08,4346.13,2025-02-19 11:53:30,No,Credit Card
454,21,47,Groceries,5,2,109.51,851.03,2025-01-09 00:42:39,No,Credit Card
455,94,27,Clothing,8,10,132.07,3572.02,2025-01-19 19:48:49,No,Debit Card
456,75,5,Groceries,10,10,294.11,2278.99,2025-02-16 17:54:25,No,Debit Card
457,31,6,Clothing,2,2,159.13,1783.39,2025-01-23 02:01:35,Yes,Debit Card
458,64,34,Clothing,9,8,347.12,2216.19,2025-01-04 07:29:15,Yes,Debit Card
459,77,11,Groceries,6,2,166.3,3437.14,2025-02-04 05:31:32,No,Credit Card
460,94,21,Clothing,9,3,117.85,3966.53,2025-02-05 15:16:50,No,Credit Card
461,191,31,Groceries,10,1,389.66,4929.87,2025-01-27 07:15:10,Yes,UPI
462,113,49,Electronics,3,2,56.56,2489.48,2025-01-09 11:26:24,Yes,Cash
463,40,17,Groceries,8,2,137.48,1242.51,2025-01-30 17:31:16,Yes,Debit Card
464,9,37,Groceries,10,5,453.66,4489.84,2025-02-07 00:01:20,Yes,Credit Card
465,96,19,Accessories,10,5,78.7,1647.31,2025-01-27 22:26:01,Yes,Credit Card
466,80,13,Accessories,5,4,423.91,4621.63,2025-01-14 21:25:33,Yes,Debit Card
467,103,8,Electronics,5,4,281.04,1356.98,2025-01-08 16:50:42,Yes,UPI
468,195,38,Accessories,4,6,427.22,4994.38,2025-02-01 13:20:21,No,Credit Card
469,105,10,Accessories,8,10,112.41,3058.95,2025-02-21 20:32:22,Yes,Credit Card
470,46,12,Electronics,2,1,294.1,2771.86,2025-01-29 23:51:31,No,UPI
471,187,27,Clothing,1,3,393.92,1122.37,2025-01-10 05:55:18,No,Debit Card
472,130,49,Groceries,3,2,77.8,1811.52,2025-01-03 20:37:22,No,UPI
473,200,23,Groceries,9,5,296.99,4609.06,2025-01-03 12:32:58,Yes,Credit Card
474,156,18,Clothing,3,5,332.01,652.49,2025-01-14 00:00:58,Yes,Cash
475,12,44,Electronics,5,10,416.61,570.89,2025-02-14 10:17:21,No,UPI
476,81,30,Clothing,8,8,90.91,1921.11,2025-01-21 14:35:40,Yes,Debit Card
477,49,5,Electronics,10,10,286.52,1864.46,2025-01-22 17:38:57,No,Debit Card
478,198,24,Groceries,8,5,491.89,1857.5,2025-02-20 06:09:24,No,Debit Card
479,140,19,Accessories,3,3,270.73,4885.84,2025-01-11 12:04:42,Yes,Cash
480,114,20,Clothing,9,9,173.29,724.6,2025-01-16 18:25:42,No,Credit Card
481,18,45,Accessories,7,6,433.52,3708.47,2025-02-03 23:07:51,No,Cash
482,178,3,Groceries,6,4,361.75,2152.41,2025-01-11 13:54:33,No,Credit Card
483,178,14,Electronics,4,6,334.23,3683.9,2025-02-04 11:26:53,No,Cash
484,172,21,Accessories,9,4,123.75,2464.32,2025-01-05 00:38:18,No,Cash
485,45,13,Electronics,3,3,277.11,2639.42,2025-02-04 00:47:36,No,Debit Card
486,62,5,Clothing,4,2,178.54,3401.21,2025-01-02 22:58:44,Yes,Debit Card
487,104,21,Clothing,1,6,391.28,703.73,2025-01-08 04:29:26,Yes,UPI
488,50,42,Electronics,9,7,343.06,613.1,2025-02-17 21:20:18,Yes,Debit Card
489,71,31,Clothing,3,4,468.93,1739.1,2025-01-28 19:30:18,Yes,UPI
490,160,4,Electronics,9,2,473.83,815.9,2025-02-03 15:20:38,Yes,Cash
491,15,30,Clothing,5,6,36.93,2243.01,2025-02-05 15:07:55,Yes,UPI
492,4,17,Groceries,8,7,124.28,4770.91,2025-01-03 17:54:01,Yes,Credit Card
493,118,3,Accessories,7,5,419.09,3197.0,2025-01-02 22:47:34,No,Debit Card
494,159,49,Groceries,5,2,409.71,759.98,2025-01-08 11:27:00,Yes,Debit Card
495,37,22,Groceries,4,6,314.34,1851.43,2025-01-21 06:21:23,No,Debit Card
496,178,40,Groceries,6,1,477.26,1050.18,2025-02-16 04:20:00,No,Debit Card
497,92,22,Clothing,7,9,478.66,226.17,2025-01-29 18:15:04,No,Cash
498,123,10,Accessories,7,6,94.04,795.47,2025-01-02 11:26:28,Yes,Debit Card
499,123,34,Clothing,6,6,467.02,461.28,2025-01-24 03:01:49,No,Debit Card
500,178,31,Groceries,7,4,243.99,4228.17,2025-01-25 05:34:50,Yes,Debit Card
501,142,16,Groceries,7,4,387.72,2297.52,2025-01-28 07:47:03,Yes,Cash
502,15,18,Clothing,5,7,140.82,1737.84,2025-01-20 00:02:07,No,Cash
503,119,40,Clothing,4,7,170.62,2400.72,2025-02-13 06:35:25,No,Cash
504,21,17,Accessories,8,5,119.87,1034.28,2025-02-11 16:18:12,Yes,Cash
505,127,32,Accessories,5,5,339.38,1421.57,2025-02-06 02:36:05,Yes,Cash
506,68,18,Clothing,6,9,242.84,730.08,2025-02-22 11:56:56,Yes,Debit Card
507,183,43,Clothing,2,6,339.14,195.78,2025-02-24 00:34:45,Yes,Debit Card
508,78,42,Clothing,5,2,481.36,4591.48,2025-01-10 12:52:49,No,Credit Card
509,173,47,Accessories,2,3,276.85,4849.82,2025-01-23 13:59:28,No,UPI
510,84,34,Groceries,6,9,182.31,4197.91,2025-01-22 03:11:27,Yes,Cash
511,71,47,Groceries,9,9,343.14,3275.23,2025-02-12 16:07:56,Yes,Debit Card
512,123,11,Electronics,9,9,315.84,1772.09,2025-01-15 12:53:29,Yes,Debit Card
513,62,25,Accessories,7,6,464.85,2039.89,2025-02-18 11:56:20,Yes,Credit Card
514,127,22,Groceries,4,3,86.53,1166.42,2025-01-12 05:06:12,Yes,Cash
515,154,40,Accessories,1,7,160.76,2595.3,2025-01-30 06:52:37,No,UPI
516,123,34,Accessories,9,1,49.77,1917.75,2025-01-17 06:09:55,Yes,Credit Card
517,158,5,Clothing,5,10,112.3,423.31,2025-01-03 12:01:38,Yes,Cash
518,109,31,Groceries,4,10,42.87,2834.4,2025-02-21 03:39:32,No,Debit Card
519,199,37,Groceries,9,7,101.57,438.65,2025-01-25 23:24:08,No,Debit Card
520,72,19,Accessories,1,2,360.66,817.51,2025-01-11 04:36:12,No,Cash
521,40,42,Clothing,9,3,127.89,107.63,2025-02-19 19:35:44,No,Cash
522,63,27,Clothing,6,7,468.24,1346.22,2025-01-19 03:23:16,Yes,UPI
523,102,36,Electronics,8,8,206.28,2458.34,2025-01-01 09:23:55,No,Credit Card
524,37,26,Groceries,5,8,485.16,3433.89,2025-02-24 08:38:49,No,Credit Card
525,173,47,Electronics,10,8,477.32,4312.17,2025-02-08 16:58:28,No,Cash
526,200,50,Clothing,4,6,451.07,3825.37,2025-02-06 03:02:41,No,UPI
527,26,24,Electronics,9,9,194.74,4849.88,2025-01-14 13:14:48,No,Credit Card
528,187,40,Electronics,9,10,140.47,1411.35,2025-01-19 17:05:27,Yes,UPI
529,60,1,Electronics,7,5,276.26,4129.9,2025-02-21 08:06:07,No,Cash
530,155,47,Electronics,7,9,360.77,2431.09,2025-01-08 11:22:58,No,UPI
531,104,36,Accessories,7,9,206.07,3229.25,2025-02-10 04:55:55,No,UPI
532,178,49,Electronics,2,4,291.28,366.08,2025-02-12 10:48:50,No,Cash
533,127,33,Groceries,6,7,127.63,2841.61,2025-01-06 16:41:53,Yes,Debit Card
534,186,44,Clothing,8,2,280.19,3313.62,2025-02-11 16:12:32,Yes,Cash
535,150,22,Accessories,7,4,235.48,1001.58,2025-02-08 04:48:15,No,Cash
536,54,41,Groceries,5,7,420.21,188.2,2025-02-17 16:15:55,Yes,UPI
537,24,32,Accessories,8,1,303.4,3799.63,2025-01-06 23:21:17,No,Credit Card
538,116,26,Electronics,5,8,189.72,2339.21,2025-02-20 23:28:12,No,Credit Card
539,175,16,Groceries,3,4,391.01,1233.98,2025-02-17 11:36:08,Yes,Credit Card
540,128,18,Accessories,5,7,339.16,3251.75,2025-02-15 00:13:30,Yes,UPI
541,85,47,Clothing,4,5,369.31,4780.99,2025-01-29 19:36:22,Yes,UPI
542,100,23,Clothing,7,5,59.01,2307.48,2025-01-20 00:49:11,Yes,Debit Card
543,152,36,Accessories,3,7,457.7,4873.29,2025-01-10 07:07:22,Yes,UPI
544,71,18,Accessories,1,7,330.66,4745.58,2025-01-23 21:28:40,No,Cash
545,146,7,Accessories,7,10,52.65,1460.09,2025-01-05 21:21:24,No,Debit Card
546,119,6,Accessories,1,9,461.87,965.5,2025-01-14 16:04:52,No,Debit Card
547,1,36,Electronics,7,1,230.31,1785.26,2025-02-02 15:07:44,Yes,UPI
548,105,4,Clothing,3,1,223.98,673.05,2025-01-25 22:38:51,Yes,Cash
549,142,26,Clothing,9,4,485.63,1835.05,2025-01-11 20:07:12,Yes,Debit Card
550,24,6,Electronics,8,9,107.84,1519.97,2025-01-09 06:08:48,Yes,Credit Card
551,174,12,Accessories,5,6,248.46,934.19,2025-01-28 21:15:49,No,Debit Card
552,108,43,Clothing,10,9,233.75,4495.77,2025-01-17 05:58:38,Yes,Debit Card
553,86,10,Accessories,2,5,438.23,1721.62,2025-02-10 17:28:35,No,Debit Card
554,86,33,Accessories,4,5,93.83,175.13,2025-01-26 04:56:19,No,Debit Card
555,191,26,Electronics,10,9,268.19,2794.68,2025-02-14 05:29:57,Yes,UPI
556,151,49,Clothing,5,8,358.57,1873.33,2025-01-25 15:45:27,Yes,Debit Card
557,16,25,Groceries,8,3,348.56,360.24,2025-01-16 09:14:49,Yes,UPI
558,67,47,Clothing,10,8,472.23,4136.04,2025-01-17 14:38:38,No,Credit Card
559,118,29,Clothing,5,7,303.48,516.52,2025-01-22 20:16:22,No,Cash
560,94,31,Groceries,8,6,424.46,1762.16,2025-01-13 02:58:47,Yes,Cash
561,52,45,Groceries,7,9,455.93,4711.28,2025-01-27 07:41:15,No,Cash
562,124,23,Electronics,2,10,39.95,3950.67,2025-01-24 23:20:13,Yes,UPI
563,157,10,Accessories,7,9,457.79,3857.84,2025-01-31 07:00:31,No,UPI
564,50,22,Electronics,6,6,285.54,637.63,2025-02-07 22:48:39,No,Debit Card
565,131,4,Clothing,10,2,387.07,4998.35,2025-01-04 02:43:54,Yes,Cash
566,158,22,Clothing,10,2,112.39,1400.11,2025-02-13 16:23:51,Yes,Credit Card
567,43,26,Accessories,4,6,349.62,3475.41,2025-02-20 10:33:48,Yes,UPI
568,54,50,Electronics,4,10,425.33,4847.59,2025-01-21 20:13:21,Yes,Debit Card
569,147,12,Clothing,2,5,51.4,2520.61,2025-02-13 15:34:57,No,Cash
570,178,32,Clothing,5,1,157.75,2437.88,2025-01-07 13:10:21,Yes,Credit Card
571,173,48,Groceries,5,10,488.53,977.33,2025-01-05 22:36:48,No,Credit Card
572,3,13,Clothing,8,4,158.39,3525.15,2025-01-10 07:28:00,Yes,UPI
573,170,38,Groceries,6,10,379.89,1716.17,2025-01-02 17:17:41,No,Cash
574,163,10,Clothing,3,7,316.65,3562.03,2025-01-20 01:53:10,No,UPI
575,189,2,Electronics,10,7,145.26,2603.69,2025-01-26 16:06:29,Yes,Credit Card
576,109,30,Electronics,8,1,137.13,1837.91,2025-02-16 23:15:20,No,Cash
577,115,41,Accessories,10,7,89.62,538.22,2025-02-18 07:55:22,Yes,Cash
578,40,2,Electronics,10,1,18.52,2094.37,2025-01-19 20:50:42,Yes,Cash
579,66,45,Accessories,1,1,245.48,1459.07,2025-01-03 09:31:50,No,UPI
580,86,26,Electronics,6,1,21.98,3352.39,2025-01-02 15:09:20,Yes,UPI
581,76,1,Clothing,5,10,175.79,114.72,2025-01-31 11:38:53,Yes,Cash
582,151,20,Groceries,1,6,125.95,4585.42,2025-01-21 17:26:41,No,Credit Card
583,28,33,Accessories,10,1,138.61,4923.96,2025-02-10 13:09:28,No,Cash
584,175,44,Electronics,9,4,475.36,1177.97,2025-01-19 09:06:58,Yes,Cash
585,98,11,Clothing,9,4,229.54,4672.82,2025-01-29 06:42:18,No,UPI
586,199,28,Clothing,10,5,271.57,1906.91,2025-02-16 02:00:03,Yes,Credit Card
587,92,34,Clothing,4,10,16.02,3305.39,2025-02-18 20:11:08,No,Cash
588,35,16,Clothing,5,8,29.51,3413.59,2025-02-16 10:35:49,Yes,UPI
589,120,1,Groceries,3,7,233.07,591.3,2025-01-15 10:40:08,No,Credit Card
590,14,25,Accessories,5,4,168.22,487.61,2025-01-12 17:01:18,No,Credit Card
591,34,26,Clothing,5,9,131.46,1374.21,2025-01-02 21:53:32,Yes,Cash
592,95,40,Accessories,5,8,260.32,4903.6,2025-02-09 00:49:37,No,Cash
593,14,27,Groceries,7,8,66.68,2444.67,2025-01-13 16:29:40,No,Debit Card
594,57,38,Clothing,10,3,101.02,1887.88,2025-02-20 11:36:49,Yes,Debit Card
595,21,46,Accessories,9,9,400.36,2021.98,2025-01-31 22:42:07,Yes,Credit Card
596,172,4,Clothing,5,6,167.41,3100.73,2025-01-03 07:09:58,No,Debit Card
597,28,3,Clothing,7,1,492.53,3711.9,2025-01-15 00:53:50,Yes,Cash
598,33,18,Groceries,9,2,487.16,1550.4,2025-01-15 13:53:50,Yes,Debit Card
599,63,13,Groceries,6,6,305.23,1358.37,2025-01-17 00:02:14,Yes,UPI
600,35,10,Electronics,5,7,10.35,2047.54,2025-01-19 22:37:41,Yes,Credit Card
601,63,38,Clothing,4,5,358.44,4557.07,2025-01-04 00:59:28,Yes,Debit Card
602,113,35,Groceries,3,3,227.61,1485.92,2025-02-10 10:57:59,Yes,Cash
603,126,48,Clothing,4,9,247.03,2977.92,2025-02-04 19:01:01,No,Credit Card
604,5,46,Accessories,8,6,455.49,2389.19,2025-01-18 02:59:06,No,UPI
605,146,50,Groceries,7,1,158.97,3035.47,2025-02-22 11:05:20,Yes,Cash
606,60,31,Groceries,3,10,79.79,341.17,2025-02-15 10:42:39,Yes,Debit Card
607,76,49,Clothing,2,1,264.77,2129.59,2025-02-21 23:48:40,Yes,UPI
608,113,42,Accessories,7,3,315.51,1073.27,2025-01-03 21:22:04,Yes,Cash
609,45,45,Groceries,4,10,307.08,1397.82,2025-02-11 21:00:09,No,Debit Card
610,142,8,Accessories,6,4,409.4,2084.18,2025-02-20 10:22:51,No,Credit Card
611,47,41,Groceries,6,9,91.59,797.97,2025-01-14 07:23:46,No,Cash
612,74,9,Electronics,10,8,412.11,2096.68,2025-01-10 12:02:39,Yes,Cash
613,77,6,Clothing,8,3,13.54,681.6,2025-01-11 20:35:34,Yes,Cash
614,79,44,Groceries,9,10,326.14,1189.5,2025-01-22 10:58:34,No,Credit Card
615,27,7,Clothing,5,9,342.97,1975.08,2025-01-20 17:24:22,No,UPI
616,59,30,Accessories,1,4,264.34,3930.17,2025-02-08 21:07:38,Yes,UPI
617,23,25,Clothing,3,6,312.06,2592.4,2025-01-27 21:27:37,Yes,Cash
618,97,15,Accessories,6,8,169.25,1029.52,2025-02-12 13:57:57,No,Debit Card
619,59,5,Accessories,8,8,361.1,4032.13,2025-02-14 13:28:13,No,UPI
620,51,28,Electronics,6,1,487.07,1819.19,2025-02-11 14:56:59,No,Credit Card
621,70,44,Electronics,5,10,438.07,4435.66,2025-02-23 08:24:52,No,Credit Card
622,162,49,Accessories,2,5,374.54,3095.89,2025-01-25 15:31:00,Yes,Cash
623,81,9,Clothing,6,2,300.65,685.91,2025-01-13 07:00:54,No,Credit Card
624,46,7,Electronics,4,8,160.43,4314.32,2025-02-17 20:01:52,No,Credit Card
625,134,6,Accessories,8,10,454.85,3419.28,2025-02-08 00:54:27,No,Credit Card
626,87,21,Groceries,3,9,88.59,2001.94,2025-02-14 00:13:58,Yes,Cash
627,148,3,Electronics,10,7,316.62,3675.79,2025-02-09 23:16:19,Yes,UPI
628,132,16,Accessories,4,6,124.98,4758.79,2025-01-12 08:33:53,No,UPI
629,130,16,Clothing,1,1,289.92,2554.53,2025-01-12 22:56:53,No,Credit Card
630,34,4,Electronics,8,2,28.14,3268.61,2025-02-10 14:57:48,Yes,Debit Card
631,199,24,Accessories,4,7,105.58,1864.46,2025-02-14 05:52:32,Yes,Cash
632,170,38,Groceries,1,3,314.43,3678.0,2025-01-06 20:27:31,Yes,Credit Card
633,97,1,Accessories,3,9,347.6,1368.13,2025-02-10 02:37:39,Yes,Debit Card
634,166,25,Groceries,9,4,284.55,444.71,2025-02-13 03:43:04,No,Cash
635,21,25,Clothing,9,2,154.0,3413.12,2025-02-24 01:06:15,No,Debit Card
636,65,42,Electronics,8,2,311.14,2112.83,2025-01-21 00:23:59,No,UPI
637,47,28,Accessories,8,4,429.89,3990.28,2025-01-31 11:01:48,No,Credit Card
638,106,29,Electronics,8,5,292.66,631.49,2025-02-21 23:31:17,Yes,UPI
639,74,37,Accessories,7,2,443.23,4492.91,2025-01-27 04:20:09,No,UPI
640,95,8,Clothing,2,3,364.76,3121.67,2025-01-07 12:40:08,No,UPI
641,109,26,Clothing,8,1,470.12,3249.53,2025-02-16 12:46:27,No,Debit Card
642,97,46,Electronics,10,5,104.88,2664.54,2025-02-18 04:13:25,Yes,Debit Card
643,101,3,Accessories,8,10,208.22,2073.53,2025-01-02 01:28:07,No,Cash
644,136,43,Groceries,10,6,424.45,1142.23,2025-02-17 11:28:16,No,Credit Card
645,133,20,Accessories,6,7,75.48,117.0,2025-02-18 21:15:11,No,Cash
646,79,1,Groceries,5,5,472.14,234.25,2025-02-17 18:48:01,Yes,Debit Card
647,22,36,Accessories,8,3,272.06,1158.71,2025-02-03 16:03:17,Yes,UPI
648,53,13,Accessories,10,5,302.86,1138.33,2025-02-06 15:38:11,Yes,Credit Card
649,79,43,Clothing,9,6,410.2,3296.98,2025-02-14 04:28:24,Yes,Debit Card
650,25,18,Groceries,4,6,170.95,1083.65,2025-01-06 11:40:45,No,Debit Card
651,105,21,Electronics,4,2,335.55,3407.64,2025-01-11 05:03:00,Yes,Debit Card
652,200,24,Electronics,7,4,240.57,3433.52,2025-02-05 21:29:28,No,Debit Card
653,13,49,Clothing,5,3,220.53,927.72,2025-02-20 08:05:54,Yes,Debit Card
654,140,45,Accessories,8,8,246.1,1435.79,2025-01-27 11:06:01,Yes,Cash
655,184,9,Accessories,5,6,80.72,397.83,2025-01-03 14:42:28,Yes,Debit Card
656,143,21,Accessories,10,6,158.39,3103.93,2025-01-21 22:14:52,No,Debit Card
657,195,19,Accessories,9,3,483.43,2169.59,2025-01-16 14:59:50,Yes,Cash
658,40,20,Groceries,3,7,108.5,2432.59,2025-02-03 22:44:59,No,UPI
659,112,44,Clothing,8,8,394.03,4209.24,2025-01-14 22:53:51,No,Debit Card
660,184,19,Electronics,4,7,377.89,2556.16,2025-01-24 19:49:13,No,UPI
661,141,18,Accessories,7,5,292.51,3868.24,2025-02-12 15:28:34,Yes,UPI
662,17,46,Groceries,3,10,322.05,2846.54,2025-01-13 08:41:16,No,Cash
663,42,24,Clothing,3,5,432.26,1592.23,2025-02-08 16:48:53,No,Cash
664,84,1,Clothing,10,2,374.68,4270.07,2025-01-19 20:30:16,Yes,Credit Card
665,88,46,Clothing,4,10,414.19,4765.3,2025-01-28 19:58:05,Yes,Debit Card
666,29,49,Electronics,10,2,420.2,1927.02,2025-02-07 19:11:04,No,Cash
667,179,13,Clothing,8,8,81.38,1757.18,2025-02-17 04:50:32,No,Credit Card
668,60,12,Accessories,3,6,245.35,2223.24,2025-01-27 05:01:21,Yes,Credit Card
669,171,46,Groceries,4,4,317.48,1481.63,2025-01-24 14:17:53,Yes,Debit Card
670,68,14,Clothing,9,3,78.65,4294.21,2025-02-11 06:27:16,Yes,Credit Card
671,3,42,Clothing,6,9,271.17,937.93,2025-01-31 18:20:04,No,Cash
672,41,40,Accessories,3,3,126.22,2217.46,2025-01-10 07:44:10,No,UPI
673,78,47,Electronics,10,10,226.02,2291.58,2025-01-06 09:50:00,Yes,Cash
674,169,27,Groceries,8,1,91.78,1259.09,2025-01-27 17:40:45,Yes,Debit Card
675,15,33,Electronics,10,10,365.57,1568.44,2025-02-08 21:37:53,No,Credit Card
676,127,16,Clothing,1,10,388.11,1080.38,2025-01-16 11:53:30,Yes,UPI
677,104,22,Electronics,1,10,128.71,3282.75,2025-02-06 01:34:03,No,Debit Card
678,32,31,Clothing,1,8,388.35,3463.75,2025-02-22 11:57:20,Yes,Debit Card
679,17,3,Clothing,8,4,23.49,4090.97,2025-01-24 19:40:24,Yes,UPI
680,192,10,Accessories,7,7,91.02,3581.1,2025-01-02 05:53:27,Yes,UPI
681,38,22,Electronics,2,9,159.93,338.53,2025-01-23 20:05:57,Yes,Debit Card
682,110,23,Clothing,2,4,336.66,1377.35,2025-02-18 15:23:10,Yes,Cash
683,138,2,Accessories,5,9,295.49,2963.25,2025-01-07 03:40:16,Yes,Credit Card
684,150,21,Electronics,2,5,290.32,3620.95,2025-01-20 03:37:15,No,Credit Card
685,23,25,Clothing,10,7,187.34,1811.25,2025-02-07 01:10:02,No,UPI
686,168,50,Clothing,8,7,429.44,4760.19,2025-01-10 07:59:04,No,Debit Card
687,44,26,Electronics,8,4,464.87,4254.96,2025-02-16 13:54:49,Yes,Cash
688,63,23,Clothing,4,10,180.25,449.47,2025-02-05 08:36:54,Yes,Cash
689,4,24,Electronics,7,3,441.73,1108.83,2025-01-07 03:36:09,Yes,Credit Card
690,123,17,Electronics,4,4,270.05,3205.48,2025-01-13 22:33:10,Yes,Debit Card
691,104,46,Accessories,10,5,463.72,2756.29,2025-02-23 01:02:16,Yes,UPI
692,112,19,Groceries,5,9,282.74,915.93,2025-01-20 22:05:42,Yes,Credit Card
693,1,29,Groceries,2,9,46.1,4063.5,2025-02-07 09:05:57,No,Debit Card
694,131,13,Electronics,1,5,386.3,3076.18,2025-01-25 11:17:07,Yes,Credit Card
695,161,38,Clothing,9,3,163.12,3939.31,2025-02-05 05:23:40,No,Cash
696,9,19,Clothing,3,7,266.36,2878.4,2025-02-15 22:48:48,Yes,UPI
697,119,19,Accessories,9,1,147.04,4501.74,2025-01-08 14:51:26,No,Debit Card
698,58,35,Accessories,3,1,357.78,2483.36,2025-01-28 07:12:34,Yes,Credit Card
699,173,25,Electronics,10,5,417.29,601.48,2025-01-30 08:11:08,Yes,Credit Card
700,112,22,Groceries,10,9,486.79,408.24,2025-01-08 21:40:32,No,UPI
701,188,45,Groceries,10,10,235.57,1523.26,2025-01-12 23:39:23,Yes,Cash
702,43,22,Accessories,7,9,316.34,1237.82,2025-01-24 16:11:02,Yes,Cash
703,91,14,Electronics,5,6,42.08,4368.89,2025-02-02 06:12:35,No,Credit Card
704,109,2,Accessories,7,6,219.04,3950.44,2025-02-15 22:40:37,Yes,UPI
705,55,9,Clothing,6,10,136.24,473.68,2025-01-07 17:27:17,No,UPI
706,67,10,Groceries,9,6,346.07,1286.3,2025-02-12 05:06:56,No,Debit Card
707,81,3,Accessories,6,9,452.9,3851.78,2025-01-28 14:34:19,No,Cash
708,184,5,Electronics,8,4,290.42,1883.04,2025-02-20 07:25:01,Yes,Credit Card
709,14,26,Groceries,10,9,227.46,790.6,2025-01-03 14:39:33,No,Debit Card
710,79,1,Groceries,5,9,19.69,4605.61,2025-01-02 01:28:02,Yes,Cash
711,44,12,Accessories,1,6,336.32,2687.33,2025-02-11 11:41:33,Yes,Debit Card
712,30,36,Accessories,10,4,417.52,4538.47,2025-01-08 10:14:37,No,Credit Card
713,139,42,Groceries,3,1,350.03,908.71,2025-01-10 22:48:22,Yes,Cash
714,120,9,Accessories,7,3,356.65,1558.78,2025-01-07 23:46:01,No,Cash
715,101,27,Electronics,8,7,325.11,4569.65,2025-01-22 02:31:51,No,UPI
716,25,34,Groceries,6,8,242.36,3591.09,2025-02-02 14:35:33,Yes,Cash
717,11,18,Clothing,10,8,218.44,1845.64,2025-01-21 23:08:30,Yes,Credit Card
718,53,44,Electronics,9,5,168.07,3900.99,2025-01-28 23:05:33,No,Credit Card
719,53,12,Clothing,4,3,336.7,2707.48,2025-02-16 12:00:10,Yes,Credit Card
720,86,6,Clothing,4,5,82.75,4451.94,2025-01-06 05:56:17,Yes,Debit Card
721,64,45,Accessories,7,9,143.48,3369.86,2025-01-04 05:05:34,No,UPI
722,174,39,Clothing,3,10,434.01,1650.56,2025-01-02 06:07:00,No,Cash
723,6,4,Accessories,8,8,191.63,4376.07,2025-01-03 17:12:56,Yes,UPI
724,35,15,Electronics,1,7,40.1,4558.94,2025-02-07 19:59:28,No,Credit Card
725,15,35,Groceries,10,10,75.72,1833.64,2025-01-28 06:17:51,No,Credit Card
726,30,3,Clothing,4,4,218.65,330.08,2025-02-14 05:49:33,No,Credit Card
727,18,1,Accessories,8,9,352.29,360.29,2025-02-17 05:16:21,No,Cash
728,26,26,Groceries,7,6,186.14,3204.5,2025-01-28 19:17:41,Yes,Debit Card
729,4,37,Groceries,7,6,158.74,3996.53,2025-02-15 08:46:26,Yes,Debit Card
730,138,27,Clothing,1,10,305.05,1690.36,2025-02-15 16:21:10,Yes,Cash
731,110,5,Electronics,6,5,345.73,1625.5,2025-01-30 21:31:12,No,UPI
732,194,10,Groceries,4,8,100.38,4780.39,2025-02-02 07:39:45,Yes,Cash
733,95,41,Groceries,2,3,362.03,1861.36,2025-02-02 15:59:39,Yes,Debit Card
734,15,22,Groceries,1,6,369.22,3306.07,2025-02-14 10:12:29,Yes,Credit Card
735,113,7,Accessories,2,5,109.54,715.81,2025-02-11 01:56:04,No,UPI
736,17,10,Clothing,7,3,449.28,1153.89,2025-02-01 06:50:08,No,Cash
737,122,30,Accessories,7,3,108.13,575.25,2025-01-09 23:11:21,Yes,Debit Card
738,119,46,Groceries,9,3,343.33,681.85,2025-02-12 02:29:22,No,Debit Card
739,158,35,Accessories,6,2,47.44,609.38,2025-01-16 18:51:05,Yes,UPI
740,191,28,Electronics,4,9,417.0,3249.47,2025-01-22 05:24:35,No,UPI
741,79,41,Accessories,2,8,14.22,1806.42,2025-01-02 20:46:50,No,Debit Card
742,108,46,Groceries,3,5,64.48,3144.65,2025-02-16 14:31:18,No,Debit Card
743,88,29,Clothing,5,5,229.14,894.59,2025-02-08 19:49:59,Yes,Debit Card
744,3,37,Groceries,9,8,21.96,2180.99,2025-02-22 08:12:45,Yes,Cash
745,183,40,Electronics,10,6,96.03,1181.48,2025-01-04 20:34:10,No,Debit Card
746,149,9,Accessories,10,5,107.06,2156.53,2025-02-17 17:02:52,No,UPI
747,142,41,Clothing,7,7,411.29,1206.92,2025-02-17 04:32:14,Yes,Debit Card
748,55,49,Clothing,4,2,23.58,3678.95,2025-01-27 09:01:26,Yes,UPI
749,12,9,Clothing,10,8,27.54,4089.85,2025-01-04 12:21:39,Yes,Credit Card
750,74,17,Electronics,5,5,393.75,3540.67,2025-01-05 07:58:04,No,UPI
751,47,32,Accessories,1,8,35.64,3847.61,2025-01-25 13:31:58,No,Cash
752,8,10,Clothing,8,3,486.68,851.27,2025-01-17 19:12:40,Yes,Debit Card
753,126,1,Accessories,3,10,54.54,3321.57,2025-01-18 18:05:32,No,Cash
754,18,10,Electronics,3,3,402.75,3197.88,2025-02-22 22:45:42,No,Credit Card
755,151,3,Groceries,9,2,257.6,4628.86,2025-02-07 09:53:42,Yes,Cash
756,134,21,Electronics,2,2,26.78,1449.72,2025-01-21 07:09:31,Yes,UPI
757,73,26,Clothing,8,5,24.8,4370.19,2025-01-11 18:51:24,Yes,Debit Card
758,7,1,Electronics,1,4,227.0,974.35,2025-01-03 15:36:15,Yes,Cash
759,29,30,Groceries,10,6,120.11,2893.23,2025-02-06 09:01:49,No,Debit Card
760,183,15,Groceries,5,6,314.47,3588.37,2025-01-06 07:14:20,Yes,Cash
761,166,41,Groceries,5,7,246.94,4959.68,2025-01-08 16:31:06,No,UPI
762,153,48,Clothing,4,9,401.08,4055.34,2025-02-04 22:35:09,No,Cash
763,106,24,Accessories,3,5,234.31,2315.23,2025-01-02 17:05:05,Yes,UPI
764,181,36,Clothing,9,3,178.0,2694.41,2025-02-11 01:03:57,No,Cash
765,93,9,Electronics,10,9,299.81,4182.89,2025-01-20 04:20:09,Yes,Debit Card
766,41,26,Electronics,5,6,99.44,3764.56,2025-02-02 21:06:05,Yes,Debit Card
767,28,40,Electronics,2,5,247.13,1764.41,2025-02-20 11:39:04,Yes,Credit Card
768,4,36,Groceries,6,5,250.99,2207.82,2025-02-11 02:48:11,No,Debit Card
769,104,7,Clothing,10,1,136.43,2316.36,2025-02-10 11:08:46,No,Debit Card
770,137,48,Electronics,6,6,404.9,187.88,2025-02-13 01:42:40,No,UPI
771,126,30,Accessories,1,10,391.27,2653.8,2025-01-03 01:00:53,Yes,Debit Card
772,173,21,Accessories,5,7,279.15,2127.2,2025-02-08 07:44:18,No,Debit Card
773,196,40,Groceries,10,6,190.02,2654.93,2025-01-17 11:35:43,Yes,Cash
774,98,41,Electronics,6,6,313.45,3871.92,2025-02-22 14:14:51,No,UPI
775,8,29,Clothing,8,8,200.64,323.25,2025-02-18 18:31:55,No,Debit Card
776,42,35,Accessories,2,10,21.52,3978.99,2025-02-23 21:34:51,Yes,Debit Card
777,7,42,Groceries,4,5,152.32,4106.98,2025-02-23 18:42:09,Yes,Debit Card
778,35,27,Groceries,3,10,340.92,2862.07,2025-02-04 01:02:29,No,Cash
779,125,40,Clothing,1,6,293.9,2060.63,2025-02-16 00:09:43,No,UPI
780,128,2,Clothing,8,5,280.01,819.37,2025-01-23 21:54:29,No,Credit Card
781,127,15,Clothing,2,3,35.27,2127.96,2025-02-21 20:02:31,Yes,Cash
782,57,12,Electronics,10,6,337.99,3680.53,2025-01-06 16:50:06,Yes,UPI
783,139,26,Clothing,7,10,479.97,2168.68,2025-01-05 02:07:16,Yes,Cash
784,66,34,Groceries,9,2,471.79,3313.64,2025-01-16 10:46:16,No,UPI
785,49,34,Clothing,9,8,385.23,849.61,2025-01-18 10:04:04,Yes,Cash
786,128,46,Clothing,9,5,50.41,1651.35,2025-02-19 14:51:20,No,Cash
787,168,31,Clothing,4,7,409.26,812.5,2025-01-12 03:36:13,Yes,Debit Card
788,199,30,Accessories,2,4,283.3,387.98,2025-01-02 07:20:24,Yes,Debit Card
789,75,41,Groceries,10,6,490.9,290.24,2025-02-15 13:14:38,No,UPI
790,74,24,Groceries,8,9,314.48,2155.81,2025-01-27 21:41:01,No,Credit Card
791,151,45,Clothing,5,8,74.65,2745.71,2025-02-19 15:43:11,No,Credit Card
792,106,36,Accessories,10,6,122.0,4206.91,2025-01-16 03:48:25,No,Credit Card
793,151,41,Electronics,1,2,25.21,272.62,2025-02-15 18:09:06,No,UPI
794,172,24,Accessories,6,2,413.25,1127.56,2025-02-08 05:54:12,No,UPI
795,125,4,Accessories,7,9,120.82,4428.93,2025-02-01 08:51:29,No,Debit Card
796,68,3,Groceries,3,6,157.87,1302.89,2025-01-09 18:39:13,Yes,Credit Card
797,106,23,Accessories,1,1,162.61,772.8,2025-01-10 09:37:29,No,Credit Card
798,104,17,Accessories,6,2,242.71,653.99,2025-01-30 11:54:56,Yes,Cash
799,92,32,Groceries,10,3,99.6,4594.91,2025-02-13 00:56:25,Yes,UPI
800,2,36,Electronics,6,9,225.18,3060.03,2025-02-05 08:13:31,Yes,UPI
801,192,11,Electronics,1,9,479.83,2436.77,2025-01-14 20:55:57,No,Debit Card
802,13,50,Electronics,2,5,23.15,4372.9,2025-01-12 11:46:47,Yes,Debit Card
803,188,20,Electronics,10,4,57.26,260.22,2025-02-13 15:12:50,Yes,UPI
804,52,5,Groceries,1,4,237.14,631.86,2025-01-11 11:21:34,No,UPI
805,88,29,Groceries,8,10,88.74,2885.76,2025-02-12 23:01:20,Yes,UPI
806,28,14,Accessories,9,1,384.92,504.68,2025-01-12 16:10:03,No,Debit Card
807,16,27,Accessories,1,9,294.23,1470.42,2025-02-01 08:07:06,Yes,Debit Card
808,114,47,Electronics,5,10,218.27,987.47,2025-02-15 12:41:18,Yes,Cash
809,124,37,Clothing,10,10,11.61,4338.49,2025-02-08 14:45:59,No,Debit Card
810,82,29,Groceries,1,2,124.46,735.72,2025-01-03 08:02:32,Yes,Debit Card
811,91,1,Accessories,1,6,339.37,719.87,2025-02-03 07:01:21,Yes,Credit Card
812,69,10,Groceries,1,1,365.65,3015.77,2025-01-27 03:19:03,Yes,UPI
813,69,37,Accessories,4,7,456.96,3093.46,2025-01-13 19:55:47,No,UPI
814,110,36,Electronics,2,4,49.26,1109.19,2025-01-01 04:28:04,No,UPI
815,166,11,Groceries,3,9,475.41,836.17,2025-01-28 19:01:00,Yes,Cash
816,19,29,Accessories,2,10,485.4,4139.49,2025-02-16 09:03:11,Yes,Credit Card
817,107,15,Clothing,5,6,40.75,1861.36,2025-02-23 10:16:53,Yes,Debit Card
818,143,15,Electronics,1,2,400.68,917.99,2025-01-26 14:03:38,Yes,Credit Card
819,48,33,Accessories,4,10,97.97,3369.92,2025-01-11 07:38:21,Yes,UPI
820,119,26,Groceries,5,1,260.13,2814.15,2025-01-12 08:57:22,Yes,Credit Card
821,139,10,Groceries,10,5,465.63,3403.46,2025-02-15 18:08:43,No,Cash
822,6,50,Groceries,9,7,292.78,3528.64,2025-01-02 19:34:40,No,Debit Card
823,65,37,Groceries,4,6,12.62,1187.31,2025-01-25 15:58:47,Yes,Credit Card
824,66,4,Groceries,7,4,362.42,2715.48,2025-01-07 04:28:57,Yes,UPI
825,189,5,Accessories,6,9,318.26,3847.46,2025-01-31 11:21:49,Yes,UPI
826,138,38,Accessories,2,5,51.12,1847.14,2025-01-08 23:19:06,Yes,Cash
827,20,19,Clothing,1,9,333.34,537.73,2025-01-03 22:03:07,No,Cash
828,34,42,Electronics,4,9,157.21,2141.91,2025-01-21 17:11:45,Yes,Credit Card
829,121,1,Accessories,2,6,85.57,3413.35,2025-02-10 01:05:25,Yes,Cash
830,142,49,Electronics,6,2,338.47,3684.61,2025-01-29 23:33:20,Yes,Credit Card
831,13,6,Electronics,1,2,437.22,2546.98,2025-01-25 04:37:43,Yes,Debit Card
832,27,40,Groceries,1,10,171.78,2458.04,2025-02-13 11:42:41,Yes,Cash
833,137,40,Accessories,8,3,102.86,2136.29,2025-02-11 19:28:27,No,Debit Card
834,65,19,Electronics,7,3,64.23,1142.05,2025-02-03 23:06:44,Yes,Cash
835,54,14,Accessories,6,10,456.32,1005.7,2025-02-17 22:24:44,No,UPI
836,85,18,Electronics,1,9,179.3,922.43,2025-01-29 11:39:10,No,Cash
837,182,35,Electronics,3,8,297.36,4883.03,2025-01-17 09:12:07,Yes,Credit Card
838,73,22,Electronics,10,1,338.26,970.86,2025-01-03 09:53:51,No,Credit Card
839,32,46,Groceries,4,6,440.28,4524.81,2025-02-09 23:32:26,No,Debit Card
840,173,21,Clothing,1,4,258.29,3649.43,2025-01-21 01:06:53,No,Cash
841,75,18,Clothing,1,1,59.56,3991.56,2025-02-05 11:33:43,Yes,UPI
842,5,49,Groceries,7,2,117.95,4067.13,2025-01-26 12:42:01,No,Credit Card
843,149,27,Electronics,2,3,262.32,4507.87,2025-01-16 22:22:22,Yes,Cash
844,29,36,Groceries,10,1,405.81,3590.05,2025-01-26 00:53:37,No,UPI
845,187,35,Electronics,5,2,205.92,4695.92,2025-02-07 03:19:53,Yes,UPI
846,198,11,Clothing,9,4,199.95,2164.73,2025-02-10 10:27:27,No,UPI
847,191,50,Accessories,8,7,107.66,2778.48,2025-02-15 07:13:20,Yes,Credit Card
848,45,16,Accessories,1,8,309.62,1441.23,2025-01-07 20:34:27,No,Cash
849,170,9,Clothing,6,4,399.3,288.68,2025-01-15 21:14:33,Yes,UPI
850,139,28,Groceries,10,4,205.46,1057.46,2025-01-06 08:25:09,No,UPI
851,109,18,Electronics,8,4,324.1,4161.5,2025-01-22 22:09:29,No,Debit Card
852,86,23,Clothing,8,7,74.23,1297.43,2025-01-08 05:12:15,No,Credit Card
853,51,37,Groceries,5,1,414.6,2151.02,2025-02-21 13:26:41,Yes,UPI
854,113,41,Electronics,9,10,245.4,1707.12,2025-01-14 02:53:40,Yes,UPI
855,146,19,Clothing,8,5,277.63,665.67,2025-02-08 13:32:29,Yes,Cash
856,99,8,Groceries,1,10,469.99,4392.2,2025-02-03 07:34:08,Yes,UPI
857,23,46,Clothing,4,2,175.47,3290.54,2025-02-09 07:29:10,No,UPI
858,80,31,Electronics,3,5,102.02,4109.3,2025-02-15 14:16:40,No,Credit Card
859,176,36,Accessories,3,9,357.98,3041.7,2025-02-12 09:16:30,Yes,Cash
860,30,6,Electronics,10,3,217.04,4053.93,2025-01-03 19:12:56,No,UPI
861,18,38,Groceries,6,10,42.9,3163.11,2025-01-20 11:38:16,Yes,Cash
862,128,15,Accessories,1,2,207.0,1560.2,2025-01-23 14:56:16,No,Credit Card
863,111,7,Accessories,1,5,432.0,2387.23,2025-01-18 09:01:22,No,Credit Card
864,79,7,Groceries,9,4,18.45,817.92,2025-02-04 23:44:43,Yes,Debit Card
865,95,39,Groceries,1,2,251.47,136.63,2025-01-18 07:22:36,Yes,UPI
866,117,46,Groceries,6,1,346.63,3014.32,2025-02-04 10:41:58,Yes,UPI
867,82,44,Groceries,5,3,414.28,1989.21,2025-01-11 00:49:03,No,Cash
868,75,10,Clothing,7,3,15.91,1348.31,2025-02-06 12:21:08,No,Cash
869,17,18,Groceries,3,8,360.81,1433.86,2025-01-04 13:00:14,Yes,Debit Card
870,28,40,Clothing,8,9,57.94,3401.24,2025-02-01 06:58:29,No,UPI
871,50,11,Groceries,5,5,325.89,4388.74,2025-01-11 14:14:19,No,Cash
872,12,8,Groceries,1,8,214.14,256.87,2025-01-12 21:43:14,Yes,Cash
873,5,38,Accessories,8,6,122.5,4305.08,2025-01-22 21:40:06,No,UPI
874,114,50,Groceries,8,2,92.46,4307.67,2025-01-17 18:03:18,Yes,Debit Card
875,175,44,Electronics,4,4,459.09,4583.54,2025-01-23 08:57:03,Yes,Debit Card
876,69,44,Accessories,10,5,419.02,4124.26,2025-02-07 23:54:04,No,Cash
877,49,10,Accessories,1,4,463.07,1176.79,2025-02-01 10:04:37,Yes,Cash
878,27,34,Groceries,4,2,139.18,4923.26,2025-01-08 02:42:26,Yes,Debit Card
879,129,24,Electronics,10,8,380.62,1572.43,2025-01-22 09:19:09,Yes,UPI
880,55,35,Clothing,4,9,105.77,3942.96,2025-02-17 17:31:44,No,Credit Card
881,75,48,Electronics,7,7,56.78,4974.72,2025-01-10 01:01:06,Yes,Debit Card
882,77,21,Groceries,10,10,307.09,1883.51,2025-01-10 22:24:11,No,Credit Card
883,164,13,Clothing,4,9,107.32,1675.06,2025-01-13 09:23:55,No,Debit Card
884,25,36,Groceries,5,4,102.02,1215.07,2025-01-09 07:35:23,Yes,Credit Card
885,59,14,Groceries,3,5,169.25,4072.48,2025-02-08 03:00:32,No,Debit Card
886,136,32,Groceries,5,9,286.42,2074.82,2025-02-05 06:54:17,No,Debit Card
887,39,18,Accessories,4,3,335.37,3256.24,2025-02-08 23:35:37,No,Debit Card
888,37,12,Electronics,3,1,282.27,1599.22,2025-02-17 05:37:13,Yes,Credit Card
889,53,2,Electronics,8,3,42.57,1144.18,2025-02-21 05:48:46,No,Debit Card
890,135,30,Electronics,9,5,439.11,1544.87,2025-02-03 10:12:43,Yes,Credit Card
891,37,10,Electronics,8,7,49.79,4315.18,2025-01-20 15:08:28,Yes,Debit Card
892,20,38,Groceries,5,5,486.28,3105.28,2025-01-26 09:37:08,No,Cash
893,24,45,Accessories,10,7,186.48,2031.08,2025-02-21 07:51:27,No,Debit Card
894,64,46,Clothing,1,9,406.63,4872.01,2025-01-19 07:42:00,No,Debit Card
895,166,5,Groceries,10,5,204.72,1543.0,2025-01-04 22:15:02,Yes,UPI
896,161,21,Clothing,3,2,403.21,524.0,2025-02-18 02:10:10,Yes,Debit Card
897,172,40,Clothing,1,10,100.51,2205.44,2025-02-12 10:01:15,No,UPI
898,91,2,Electronics,1,6,420.94,2749.42,2025-02-06 05:33:24,Yes,UPI
899,28,43,Clothing,3,4,347.96,104.78,2025-01-10 01:42:16,Yes,Cash
900,63,4,Electronics,7,1,52.05,3393.75,2025-01-26 07:50:37,No,UPI
901,181,19,Groceries,6,7,46.99,2029.77,2025-02-11 15:58:16,Yes,Credit Card
902,126,17,Clothing,4,10,258.39,1963.78,2025-01-30 04:42:12,Yes,Credit Card
903,51,3,Electronics,5,8,304.49,4918.99,2025-02-08 08:19:27,Yes,Debit Card
904,80,30,Electronics,9,4,287.0,2635.11,2025-02-08 08:30:13,No,Cash
905,150,26,Electronics,9,6,253.77,159.66,2025-01-27 00:52:14,No,Credit Card
906,145,47,Clothing,10,4,130.9,3967.7,2025-01-25 19:38:10,Yes,Cash
907,17,36,Clothing,7,8,467.87,1821.76,2025-02-14 05:43:34,No,UPI
908,170,46,Accessories,1,7,180.84,4546.98,2025-02-19 03:30:52,No,Cash
909,37,11,Accessories,3,5,124.63,1174.98,2025-02-18 12:20:34,Yes,Debit Card
910,27,24,Groceries,3,10,328.45,1801.83,2025-02-22 21:53:22,Yes,Cash
911,138,4,Electronics,4,5,251.12,1657.27,2025-01-07 11:05:14,Yes,Cash
912,18,36,Groceries,2,4,340.07,1535.72,2025-01-22 17:30:14,Yes,Credit Card
913,16,34,Groceries,10,6,106.16,981.21,2025-01-01 09:01:31,Yes,UPI
914,76,34,Groceries,10,5,119.85,1055.07,2025-01-25 13:00:35,Yes,UPI
915,87,32,Groceries,7,10,369.39,1966.34,2025-01-20 17:01:30,Yes,Credit Card
916,50,15,Groceries,1,5,191.08,1121.74,2025-01-17 04:34:35,No,Debit Card
917,124,42,Accessories,7,8,120.4,2144.77,2025-02-19 02:31:04,No,Debit Card
918,94,47,Electronics,7,3,430.84,2961.2,2025-01-11 02:57:10,No,Debit Card
919,60,9,Electronics,5,10,198.81,1382.45,2025-01-08 19:26:30,Yes,Credit Card
920,183,33,Clothing,1,3,474.67,4233.07,2025-01-08 18:25:02,Yes,Credit Card
921,40,37,Electronics,8,9,119.49,1968.64,2025-01-29 11:20:08,No,Cash
922,97,33,Electronics,3,7,429.1,1786.2,2025-02-02 18:33:48,No,Debit Card
923,184,14,Clothing,1,3,314.95,4071.58,2025-01-08 01:40:32,No,UPI
924,18,31,Groceries,7,1,433.62,2778.49,2025-02-15 03:57:56,Yes,Cash
925,2,27,Electronics,6,9,341.23,1296.74,2025-01-03 10:59:30,Yes,UPI
926,53,15,Accessories,9,4,434.38,4949.18,2025-02-15 00:43:34,No,Debit Card
927,150,49,Clothing,8,4,362.02,250.38,2025-01-03 12:39:16,No,Credit Card
928,128,3,Clothing,10,7,174.35,3549.36,2025-02-15 09:08:15,No,Debit Card
929,102,9,Groceries,3,5,151.6,2919.0,2025-01-29 00:51:46,No,Debit Card
930,184,25,Clothing,7,10,355.19,4350.28,2025-01-22 09:40:39,No,Credit Card
931,104,23,Electronics,2,8,286.16,3148.5,2025-01-15 17:47:28,No,UPI
932,183,35,Groceries,4,9,13.22,1626.9,2025-01-25 05:35:55,Yes,Debit Card
933,120,14,Clothing,5,8,382.72,1274.86,2025-02-19 13:02:33,No,Credit Card
934,21,21,Groceries,1,2,345.78,3606.56,2025-01-06 02:28:14,No,Debit Card
935,66,22,Accessories,6,1,299.86,4352.66,2025-01-19 05:40:25,Yes,Cash
936,13,31,Accessories,8,3,222.16,4388.64,2025-01-04 04:15:40,Yes,Debit Card
937,164,50,Electronics,8,1,54.08,3116.74,2025-02-01 05:41:00,Yes,Credit Card
938,71,36,Clothing,9,2,194.64,2194.0,2025-01-21 13:17:30,Yes,Credit Card
939,50,37,Groceries,10,7,54.37,885.26,2025-01-07 13:11:01,No,Credit Card
940,73,35,Accessories,3,5,244.79,2526.42,2025-01-07 20:08:04,Yes,Credit Card
941,113,30,Electronics,8,1,259.26,3231.98,2025-01-08 01:20:57,Yes,UPI
942,123,20,Accessories,3,5,59.61,2926.13,2025-02-08 18:01:28,No,Credit Card
943,196,17,Accessories,9,10,383.64,3005.82,2025-01-15 00:22:53,Yes,Cash
944,99,48,Electronics,3,1,80.79,948.93,2025-02-20 14:03:13,Yes,Cash
945,30,35,Groceries,4,1,90.13,2558.32,2025-01-17 13:28:02,Yes,UPI
946,86,49,Clothing,4,3,285.63,165.27,2025-02-20 01:13:08,No,Debit Card
947,137,14,Groceries,2,4,140.02,2793.05,2025-01-13 04:29:41,Yes,UPI
948,8,30,Groceries,7,7,285.04,4399.63,2025-01-09 23:53:19,No,Debit Card
949,127,34,Groceries,3,3,121.62,3003.74,2025-02-18 10:32:24,No,Credit Card
950,26,29,Clothing,10,1,394.85,2744.95,2025-02-05 13:12:02,No,Debit Card
951,29,49,Groceries,5,6,363.51,3939.7,2025-02-07 15:09:38,No,Cash
952,117,39,Clothing,10,6,385.3,1966.25,2025-02-21 02:44:04,No,Cash
953,147,17,Accessories,2,1,174.69,1952.95,2025-01-02 16:58:03,No,Debit Card
954,111,23,Groceries,5,4,14.99,154.08,2025-01-22 18:05:56,Yes,Cash
955,142,17,Electronics,3,2,409.61,1792.05,2025-01-31 10:06:19,No,UPI
956,9,41,Electronics,6,6,447.88,2472.78,2025-01-19 00:51:04,Yes,Cash
957,71,16,Accessories,7,3,384.19,3567.72,2025-02-24 04:23:25,Yes,Debit Card
958,170,39,Accessories,6,9,287.24,1370.14,2025-02-09 23:25:49,No,Cash
959,195,27,Accessories,6,10,371.32,205.66,2025-02-02 19:06:07,Yes,Credit Card
960,146,18,Groceries,8,3,248.82,4070.46,2025-02-08 13:37:33,No,Credit Card
961,44,18,Groceries,6,6,58.92,1637.7,2025-02-07 02:46:40,Yes,Cash
962,182,48,Clothing,1,6,470.06,3068.1,2025-01-05 19:39:20,No,UPI
963,183,30,Electronics,6,3,62.1,1326.92,2025-02-02 12:27:35,Yes,Credit Card
964,22,16,Accessories,6,10,75.87,4033.13,2025-01-27 01:34:52,Yes,Debit Card
965,188,11,Groceries,3,4,230.18,2323.09,2025-01-24 01:48:12,Yes,Cash
966,116,16,Groceries,9,1,63.74,2085.73,2025-01-22 16:57:01,No,Cash
967,40,39,Groceries,6,4,24.71,1398.39,2025-02-14 17:43:12,Yes,Credit Card
968,65,6,Electronics,2,3,194.44,3767.34,2025-01-11 10:53:29,No,UPI
969,46,47,Accessories,1,8,370.9,3674.78,2025-02-04 05:20:10,No,Debit Card
970,69,38,Groceries,2,10,236.75,4581.82,2025-01-12 06:23:55,No,Debit Card
971,48,50,Accessories,4,6,322.26,3393.9,2025-01-03 20:21:29,Yes,UPI
972,75,6,Electronics,10,5,32.56,3741.98,2025-01-17 18:55:54,No,Debit Card
973,123,41,Accessories,6,6,262.51,1422.15,2025-01-09 18:53:57,Yes,Cash
974,62,22,Electronics,8,7,135.16,2262.05,2025-02-11 07:35:17,Yes,Cash
975,124,48,Accessories,9,7,219.54,256.68,2025-01-28 11:16:29,Yes,Cash
976,11,22,Accessories,8,4,366.15,807.85,2025-01-11 01:07:00,Yes,Debit Card
977,131,28,Electronics,10,9,153.13,2925.69,2025-02-02 17:27:33,No,Cash
978,167,26,Accessories,3,8,60.28,774.6,2025-01-09 22:01:36,Yes,UPI
979,77,20,Groceries,10,9,302.24,4379.8,2025-02-14 02:18:40,Yes,UPI
980,63,25,Clothing,8,6,189.73,3261.1,2025-01-10 12:26:39,No,UPI
981,115,8,Electronics,3,3,329.04,4177.52,2025-01-01 06:25:59,Yes,UPI
982,9,23,Groceries,9,3,101.1,4096.55,2025-01-08 21:01:08,Yes,Cash
983,25,2,Accessories,5,9,166.41,1216.79,2025-01-11 15:41:45,No,Credit Card
984,141,33,Electronics,9,8,447.52,2543.58,2025-01-19 18:37:19,No,Cash
985,68,16,Accessories,5,1,74.1,2798.12,2025-02-14 05:35:14,No,Credit Card
986,10,38,Clothing,3,6,425.41,1857.03,2025-01-24 23:25:24,Yes,Credit Card
987,74,13,Accessories,5,5,240.1,1194.36,2025-02-22 18:16:54,No,Credit Card
988,181,2,Clothing,6,7,404.66,3447.78,2025-01-01 09:10:45,No,Credit Card
989,21,35,Clothing,2,7,378.13,2473.0,2025-01-26 20:56:31,Yes,Credit Card
990,142,27,Electronics,9,9,189.0,4219.32,2025-01-06 03:35:53,Yes,Credit Card
991,122,2,Groceries,2,3,184.99,3964.25,2025-01-12 22:31:32,No,Credit Card
992,78,33,Clothing,8,8,137.23,3054.67,2025-01-03 16:04:18,Yes,Cash
993,14,12,Electronics,8,8,299.66,2156.06,2025-01-17 15:38:55,No,Credit Card
994,166,49,Groceries,8,8,34.88,2014.95,2025-01-17 08:42:07,Yes,Debit Card
995,71,29,Accessories,9,6,339.23,3199.94,2025-02-13 11:17:27,No,Debit Card
996,49,14,Accessories,1,6,480.98,2084.3,2025-01-11 05:04:25,Yes,Cash
997,72,37,Groceries,5,8,276.73,3655.92,2025-02-23 12:12:50,Yes,UPI
998,165,28,Clothing,1,2,409.2,2033.08,2025-02-07 08:32:00,Yes,Cash
999,40,4,Clothing,6,5,32.79,4147.48,2025-02-12 13:02:10,No,UPI
1000,34,26,Clothing,7,10,238.76,3681.14,2025-01-15 23:43:14,Yes,UPI
